,K Gene Name,gene_ID
0,aas,ECB_02684
1,aat,ECB_00889
2,abgA,ECB_01315
3,abgB,ECB_01314
4,abgR,ECB_01316
5,abgT,ECB_01313
6,abrB,ECB_00675
7,accA,ECB_00183
8,accB,ECB_03113
9,accC,ECB_03114
10,accD,ECB_02241
11,aceA,ECB_03887
12,aceB,ECB_03886
13,aceE,ECB_00113
14,aceF,ECB_00114
15,aceK,ECB_03888
16,ackA,ECB_02221
17,acnA,ECB_01253
18,acnB,ECB_00117
19,acpP,ECB_01090
20,acpS,ECB_02457
21,acpT,ECB_03324
22,acrA,ECB_00414
23,acrB,ECB_00413
24,acrD,ECB_02361
25,acrE,ECB_03123
26,acrF,ECB_03124
27,acrR,ECB_00415
28,acs,ECB_03941
29,actP,ECB_03939
30,ada,ECB_02140
31,add,ECB_01592
32,adhE,ECB_01215
33,adhP,ECB_01436
34,adiA,ECB_03988
35,adiY,ECB_03987
36,adk,ECB_00425
37,aegA,ECB_02359
38,aer,ECB_02941
39,aes,ECB_00427
40,agaA,ECB_03002
41,agaB,ECB_03005
42,agaC,ECB_03006
43,agaD,ECB_03007
44,agaI,ECB_03008
45,agaR,ECB_02996
46,agaS,ECB_03003
47,agaV,ECB_02998
48,agaW,ECB_02999
49,agp,ECB_01005
50,ahpC,ECB_00574
51,ahpF,ECB_00575
52,aidB,ECB_04054
53,ais,ECB_02178
54,alaS,ECB_02547
55,aldA,ECB_01370
56,aldB,ECB_03443
57,alkA,ECB_01974
58,alkB,ECB_02139
59,allA,ECB_00455
60,allB,ECB_00462
61,allC,ECB_00466
62,allD,ECB_00467
63,allR,ECB_00456
64,alr,ECB_03925
65,alsA,ECB_03959
66,alsB,ECB_03960
67,alsC,ECB_03958
68,alsE,ECB_03957
69,alsK,ECB_03956
70,amiA,ECB_02335
71,amiB,ECB_04036
72,amiC,ECB_02665
73,amn,ECB_01894
74,ampC,ECB_04022
75,ampD,ECB_00109
76,ampE,ECB_00110
77,ampG,ECB_00384
78,ampH,ECB_00323
79,amtB,ECB_00403
80,ansA,ECB_01736
81,ansB,ECB_02787
82,ansP,ECB_01410
83,apaG,ECB_00054
84,apaH,ECB_00053
85,aphA,ECB_03927
86,appA,ECB_00983
87,appB,ECB_00982
88,appC,ECB_00981
89,appY,ECB_00518
90,apt,ECB_00420
91,aqpZ,ECB_00880
92,araA,ECB_00064
93,araB,ECB_00065
94,araC,ECB_00066
95,araD,ECB_00063
96,araE,ECB_02689
97,araF,ECB_01869
98,araG,ECB_01868
99,araH,ECB_01867
100,araJ,ECB_00344
101,arcA,ECB_04277
102,arcB,ECB_03075
103,argA,ECB_02666
104,argB,ECB_03844
105,argC,ECB_03843
106,argD,ECB_03210
107,argE,ECB_03842
108,argG,ECB_03038
109,argH,ECB_03845
110,argI,ECB_04120
111,argK,ECB_02749
112,argR,ECB_03097
113,argS,ECB_01847
114,argT,ECB_02235
115,arnT,ECB_02183
116,aroA,ECB_00912
117,aroB,ECB_03241
118,aroC,ECB_02254
119,aroD,ECB_01662
120,aroE,ECB_03132
121,aroF,ECB_02490
122,aroG,ECB_00707
123,aroH,ECB_01673
124,aroK,ECB_03242
125,aroL,ECB_00335
126,aroM,ECB_00337
127,aroP,ECB_00111
128,arsB,ECB_03351
129,arsC,ECB_03352
130,arsR,ECB_03350
131,artI,ECB_00868
132,artJ,ECB_00865
133,artM,ECB_00866
134,artP,ECB_00869
135,artQ,ECB_00867
136,ascB,ECB_02566
137,ascF,ECB_02565
138,ascG,ECB_02564
139,asd,ECB_03285
140,aslA,ECB_03676
141,aslB,ECB_03675
142,asmA,ECB_01970
143,asnA,ECB_03628
144,asnB,ECB_00631
145,asnC,ECB_03627
146,asnS,ECB_00934
147,aspA,ECB_04009
148,aspC,ECB_00932
149,aspS,ECB_01837
150,asr,ECB_01566
151,astA,ECB_01716
152,astB,ECB_01714
153,astC,ECB_01717
154,astD,ECB_01715
155,astE,ECB_01713
156,atoA,ECB_02149
157,atoB,ECB_02151
158,atoC,ECB_02147
159,atoD,ECB_02148
160,atoE,ECB_02150
161,atoS,ECB_02146
162,atpA,ECB_03618
163,atpB,ECB_03622
164,atpC,ECB_03615
165,atpD,ECB_03616
166,atpE,ECB_03621
167,atpF,ECB_03620
168,atpG,ECB_03617
169,atpH,ECB_03619
170,atpI,ECB_03623
171,avtA,ECB_03424
172,baeR,ECB_01984
173,baeS,ECB_01983
174,barA,ECB_02631
175,basR,ECB_03984
176,basS,ECB_03983
177,bax,ECB_03422
178,bcp,ECB_02372
179,bcr,ECB_02112
180,bcsC,ECB_03378
181,bcsZ,ECB_03379
182,bdm,ECB_01439
183,betA,ECB_00267
184,betB,ECB_00268
185,betI,ECB_00269
186,betT,ECB_00270
187,bfd,ECB_03188
188,bfr,ECB_03187
189,bglA,ECB_02733
190,bglB,ECB_03605
191,bglF,ECB_03606
192,bglG,ECB_03607
193,bglJ,ECB_04243
194,bglX,ECB_02062
195,bioA,ECB_00741
196,bioB,ECB_00742
197,bioC,ECB_00744
198,bioD,ECB_00745
199,bioF,ECB_00743
200,bioH,ECB_03264
201,bipA,ECB_03756
202,birA,ECB_03854
203,bisC,ECB_03401
204,blc,ECB_04021
205,blr,ECB_01594
206,bolA,ECB_00386
207,brnQ,ECB_00349
208,btuB,ECB_03851
209,btuC,ECB_01680
210,btuD,ECB_01678
211,btuE,ECB_01679
212,btuR,ECB_01246
213,cadA,ECB_04002
214,cadB,ECB_04003
215,cadC,ECB_04004
216,caiA,ECB_00043
217,caiC,ECB_00041
218,caiD,ECB_00040
219,caiE,ECB_00039
220,caiF,ECB_00038
221,caiT,ECB_00044
222,carA,ECB_00036
223,carB,ECB_00037
224,cbl,ECB_01897
225,cbpA,ECB_01003
226,cca,ECB_02926
227,ccmA,ECB_02128
228,ccmB,ECB_02127
229,ccmC,ECB_02126
230,ccmD,ECB_02125
231,ccmE,ECB_02124
232,ccmF,ECB_02123
233,ccmG,ECB_02122
234,ccmH,ECB_02121
235,cdaR,ECB_00161
236,cdd,ECB_02072
237,cdh,ECB_03803
238,cdsA,ECB_00173
239,cedA,ECB_01700
240,cfa,ECB_01632
241,chaA,ECB_01194
242,chaB,ECB_01195
243,chaC,ECB_01196
244,cheA,ECB_01859
245,cheB,ECB_01854
246,cheR,ECB_01855
247,cheW,ECB_01858
248,cheY,ECB_01853
249,cheZ,ECB_01852
250,chiA,ECB_03189
251,cirA,ECB_02084
252,citC,ECB_00586
253,citD,ECB_00585
254,citE,ECB_00584
255,citF,ECB_00583
256,citG,ECB_00581
257,citT,ECB_00580
258,citX,ECB_00582
259,clpA,ECB_00887
260,clpB,ECB_02482
261,clpP,ECB_00388
262,clpS,ECB_00886
263,clpX,ECB_00389
264,cmk,ECB_00914
265,cmtA,ECB_02763
266,cmtB,ECB_02764
267,coaA,ECB_03855
268,coaD,ECB_03491
269,coaE,ECB_00103
270,cobB,ECB_01118
271,cobS,ECB_01901
272,cobT,ECB_01900
273,cobU,ECB_01902
274,codA,ECB_00291
275,codB,ECB_00290
276,cof,ECB_00398
277,copA,ECB_00435
278,corA,ECB_03692
279,cpdA,ECB_02904
280,cpdB,ECB_04085
281,cpsB,ECB_01955
282,cpsG,ECB_01954
283,cpxA,ECB_03797
284,cpxP,ECB_03799
285,cpxR,ECB_03798
286,creA,ECB_04273
287,creB,ECB_04274
288,creC,ECB_04275
289,crl,ECB_00235
290,crp,ECB_03208
291,crr,ECB_02317
292,csdA,ECB_02661
293,csgA,ECB_01039
294,csgB,ECB_01038
295,csgC,ECB_01040
296,csgD,ECB_01037
297,csgE,ECB_01036
298,csgF,ECB_01035
299,csgG,ECB_01034
300,csiE,ECB_02427
301,cspA,ECB_03406
302,cspC,ECB_01793
303,cspD,ECB_00885
304,cspE,ECB_00593
305,cspG,ECB_00992
306,cspH,ECB_00991
307,cspI,ECB_01517
308,csrA,ECB_02546
309,cueO,ECB_00122
310,cueR,ECB_00438
311,cusA,ECB_00536
312,cusB,ECB_00535
313,cusC,ECB_00533
314,cusR,ECB_00532
315,cusS,ECB_00531
316,cutA,ECB_04007
317,cutC,ECB_01845
318,cvpA,ECB_02238
319,cyaA,ECB_03681
320,cyaY,ECB_03682
321,cybB,ECB_01374
322,cycA,ECB_04080
323,cydA,ECB_00692
324,cydB,ECB_00693
325,cydC,ECB_00890
326,cydD,ECB_00891
327,cynR,ECB_00292
328,cynS,ECB_00294
329,cynT,ECB_00293
330,cynX,ECB_00295
331,cyoA,ECB_00383
332,cyoB,ECB_00382
333,cyoC,ECB_00381
334,cyoD,ECB_00380
335,cyoE,ECB_00379
336,cysA,ECB_02322
337,cysB,ECB_01251
338,cysC,ECB_02600
339,cysD,ECB_02602
340,cysE,ECB_03465
341,cysG,ECB_03219
342,cysH,ECB_02607
343,cysI,ECB_02608
344,cysJ,ECB_02609
345,cysK,ECB_02314
346,cysM,ECB_02321
347,cysN,ECB_02601
348,cysP,ECB_02325
349,cysQ,ECB_04086
350,cysS,ECB_00476
351,cysU,ECB_02324
352,cysW,ECB_02323
353,cysZ,ECB_02313
354,cytR,ECB_03819
355,dacA,ECB_00601
356,dacB,ECB_03047
357,dacC,ECB_00806
358,dacD,ECB_01913
359,dadA,ECB_01164
360,dadX,ECB_01165
361,dam,ECB_03239
362,damX,ECB_03240
363,dapA,ECB_02370
364,dapB,ECB_00035
365,dapD,ECB_00164
366,dapE,ECB_02363
367,dapF,ECB_03685
368,dbpA,ECB_01320
369,dcd,ECB_01971
370,dcp,ECB_01497
371,dcrB,ECB_03321
372,dctA,ECB_03376
373,dcuA,ECB_04008
374,dcuB,ECB_03994
375,dcuC,ECB_00591
376,dcuD,ECB_03087
377,dcuR,ECB_03995
378,ddlA,ECB_00328
379,ddlB,ECB_00093
380,ddpX,ECB_01446
381,deaD,ECB_03029
382,dedA,ECB_02242
383,dedD,ECB_02239
384,def,ECB_03137
385,degP,ECB_00160
386,degQ,ECB_03094
387,degS,ECB_03095
388,deoA,ECB_04258
389,deoB,ECB_04259
390,deoC,ECB_04257
391,deoD,ECB_04260
392,deoR,ECB_00807
393,dfp,ECB_03496
394,dgkA,ECB_03914
395,dgoA,ECB_03576
396,dgoD,ECB_03575
397,dgoK,ECB_03577
398,dgoR,ECB_03578
399,dgoT,ECB_03574
400,dgt,ECB_00159
401,dhaK,ECB_01175
402,dhaL,ECB_01174
403,dhaM,ECB_01173
404,dhaR,ECB_01176
405,dicB,ECB_01543
406,dicC,ECB_01538
407,dinB,ECB_00226
408,dinD,ECB_03502
409,dinF,ECB_03916
410,dinG,ECB_00766
411,dinI,ECB_01057
412,dinJ,ECB_00221
413,djlA,ECB_00059
414,dkgA,ECB_02885
415,dkgB,ECB_00200
416,dksA,ECB_00144
417,dld,ECB_02063
418,dmsA,ECB_00898
419,dmsB,ECB_00899
420,dmsC,ECB_00900
421,dnaA,ECB_03585
422,dnaB,ECB_03924
423,dnaC,ECB_04238
424,dnaE,ECB_00182
425,dnaG,ECB_02936
426,dnaJ,ECB_00015
427,dnaK,ECB_00014
428,dnaN,ECB_03584
429,dnaQ,ECB_00208
430,dnaT,ECB_04239
431,dnaX,ECB_00421
432,dppA,ECB_03395
433,dppB,ECB_03394
434,dppC,ECB_03393
435,dppD,ECB_03392
436,dppF,ECB_03391
437,dps,ECB_00779
438,dsbA,ECB_03746
439,dsbB,ECB_01160
440,dsbC,ECB_02725
441,dsbD,ECB_04006
442,dsbG,ECB_00573
443,dsdA,ECB_02276
444,dsdC,ECB_02274
445,dsdX,ECB_02275
446,dtd,ECB_03772
447,dut,ECB_03497
448,dxs,ECB_00368
449,eaeH,ECB_00256
450,eamA,ECB_01492
451,ebgA,ECB_02945
452,ebgC,ECB_02946
453,ebgR,ECB_02944
454,ecnA,ECB_04018
455,ecnB,ECB_04019
456,eco,ECB_02136
457,ecpD,ECB_00139
458,eda,ECB_01821
459,edd,ECB_01822
460,efp,ECB_04017
461,elaA,ECB_02194
462,elaB,ECB_02193
463,elaD,ECB_02196
464,emrA,ECB_02540
465,emrB,ECB_02541
466,emrD,ECB_03557
467,emrE,ECB_00493
468,emrK,ECB_02278
469,emrY,ECB_02277
470,endA,ECB_02775
471,eno,ECB_02624
472,entA,ECB_00563
473,entB,ECB_00562
474,entC,ECB_00560
475,entD,ECB_00549
476,entE,ECB_00561
477,entF,ECB_00553
478,envR,ECB_03122
479,envY,ECB_00520
480,envZ,ECB_03256
481,epd,ECB_02758
482,era,ECB_02460
483,essQ,ECB_01521
484,eutA,ECB_02342
485,eutB,ECB_02341
486,eutC,ECB_02340
487,eutE,ECB_02346
488,eutG,ECB_02344
489,eutH,ECB_02343
490,eutJ,ECB_02345
491,eutL,ECB_02339
492,eutP,ECB_02352
493,eutQ,ECB_02351
494,eutT,ECB_02350
495,evgA,ECB_02279
496,evgS,ECB_02280
497,exbB,ECB_02880
498,exbD,ECB_02879
499,exoX,ECB_01815
500,exuR,ECB_02963
501,exuT,ECB_02962
502,fabA,ECB_00958
503,fabB,ECB_02248
504,fabD,ECB_01088
505,fabF,ECB_01091
506,fabG,ECB_01089
507,fabH,ECB_01087
508,fabI,ECB_01265
509,fabZ,ECB_00178
510,fadA,ECB_03736
511,fadB,ECB_03737
512,fadD,ECB_01775
513,fadE,ECB_00216
514,fadH,ECB_02950
515,fadL,ECB_02268
516,fadR,ECB_01162
517,fbaA,ECB_02756
518,fbaB,ECB_02025
519,fbp,ECB_04100
520,fdhD,ECB_03780
521,fdhE,ECB_03776
522,fdhF,ECB_03951
523,fdnG,ECB_01432
524,fdnH,ECB_01433
525,fdnI,ECB_01434
526,fdoG,ECB_03779
527,fdoH,ECB_03778
528,fdoI,ECB_03777
529,fdrA,ECB_00468
530,fdx,ECB_02417
531,feaB,ECB_01357
532,feaR,ECB_01356
533,fecA,ECB_04157
534,fecB,ECB_04156
535,fecC,ECB_04155
536,fecD,ECB_04154
537,fecE,ECB_04153
538,fecI,ECB_04159
539,fecR,ECB_04158
540,feoA,ECB_03260
541,feoB,ECB_03261
542,fepA,ECB_00550
543,fepB,ECB_00559
544,fepC,ECB_00555
545,fepD,ECB_00557
546,fepE,ECB_00554
547,fepG,ECB_00556
548,fes,ECB_00551
549,ffh,ECB_02499
550,fhlA,ECB_02581
551,fhuA,ECB_00149
552,fhuB,ECB_00152
553,fhuC,ECB_00150
554,fhuD,ECB_00151
555,fhuE,ECB_01098
556,fhuF,ECB_04244
557,fic,ECB_03212
558,fieF,ECB_03800
559,fimA,ECB_04183
560,fimC,ECB_04185
561,fimD,ECB_04186
562,fimE,ECB_04182
563,fimF,ECB_04187
564,fimG,ECB_04188
565,fimH,ECB_04189
566,fimI,ECB_04184
567,fimZ,ECB_00485
568,fis,ECB_03119
569,fixA,ECB_00045
570,fixB,ECB_00046
571,fixC,ECB_00047
572,fixX,ECB_00048
573,fklB,ECB_04079
574,fkpA,ECB_03198
575,fkpB,ECB_00032
576,fldA,ECB_00641
577,fldB,ECB_02727
578,flgA,ECB_01068
579,flgB,ECB_01069
580,flgC,ECB_01070
581,flgD,ECB_01071
582,flgE,ECB_01072
583,flgF,ECB_01073
584,flgG,ECB_01074
585,flgH,ECB_01075
586,flgI,ECB_01076
587,flgJ,ECB_01077
588,flgK,ECB_01078
589,flgL,ECB_01079
590,flgM,ECB_01067
591,flgN,ECB_01066
592,flhA,ECB_01850
593,flhB,ECB_01851
594,flhC,ECB_01862
595,flhD,ECB_01863
596,flhE,ECB_01849
597,flk,ECB_02246
598,flu,ECB_02800
599,fmt,ECB_03138
600,fnr,ECB_01311
601,focA,ECB_00908
602,focB,ECB_02384
603,folA,ECB_00052
604,folC,ECB_02240
605,folD,ECB_00479
606,folE,ECB_02082
607,folK,ECB_00141
608,folP,ECB_03042
609,folX,ECB_02228
610,fpr,ECB_03809
611,frdA,ECB_04026
612,frdB,ECB_04025
613,frdC,ECB_04024
614,frdD,ECB_04023
615,fre,ECB_03735
616,frlC,ECB_03223
617,frmA,ECB_00310
618,frmB,ECB_00309
619,frmR,ECB_00311
620,frr,ECB_00170
621,fruA,ECB_02096
622,fruB,ECB_02098
623,fruK,ECB_02097
624,frvA,ECB_03785
625,frvB,ECB_03784
626,frvR,ECB_03782
627,frvX,ECB_03783
628,frwB,ECB_03835
629,frwC,ECB_03834
630,frwD,ECB_03838
631,fsr,ECB_00430
632,ftsA,ECB_00095
633,ftsB,ECB_02598
634,ftsE,ECB_03312
635,ftsI,ECB_00085
636,ftsK,ECB_00894
637,ftsL,ECB_00084
638,ftsN,ECB_03818
639,ftsQ,ECB_00094
640,ftsW,ECB_00090
641,ftsX,ECB_03311
642,ftsY,ECB_03313
643,ftsZ,ECB_00096
644,fucI,ECB_02653
645,fucK,ECB_02654
646,fucO,ECB_02644
647,fucR,ECB_02656
648,fucU,ECB_02655
649,fumA,ECB_01581
650,fumB,ECB_03993
651,fumC,ECB_01580
652,fur,ECB_00640
653,fusA,ECB_03191
654,fxsA,ECB_04010
655,gabD,ECB_02517
656,gabP,ECB_02519
657,gabT,ECB_02518
658,gadA,ECB_03365
659,gadB,ECB_01451
660,gadX,ECB_03364
661,galE,ECB_00712
662,galF,ECB_01948
663,galK,ECB_00710
664,galM,ECB_00709
665,galP,ECB_02773
666,galR,ECB_02685
667,galS,ECB_02080
668,galT,ECB_00711
669,galU,ECB_01212
670,gapA,ECB_01748
671,gapC,ECB_01371
672,garD,ECB_02993
673,garK,ECB_02989
674,garL,ECB_02991
675,garP,ECB_02992
676,garR,ECB_02990
677,gatA,ECB_02020
678,gatB,ECB_02019
679,gatC,ECB_02018
680,gatD,ECB_02017
681,gatR,ECB_02016
682,gatY,ECB_02024
683,gcd,ECB_00123
684,gcl,ECB_00457
685,gcvA,ECB_02659
686,gcvH,ECB_02736
687,gcvP,ECB_02735
688,gcvR,ECB_02371
689,gcvT,ECB_02737
690,gdhA,ECB_01730
691,ggt,ECB_03296
692,glcB,ECB_02844
693,glcC,ECB_02849
694,glcD,ECB_02848
695,glcE,ECB_02847
696,glcF,ECB_02846
697,glcG,ECB_02845
698,gldA,ECB_03831
699,glgA,ECB_03281
700,glgB,ECB_03284
701,glgC,ECB_03282
702,glgP,ECB_03280
703,glgS,ECB_02919
704,glgX,ECB_03283
705,glk,ECB_02298
706,glmM,ECB_03041
707,glmS,ECB_03613
708,glmU,ECB_03614
709,glnA,ECB_03755
710,glnB,ECB_02445
711,glnD,ECB_00165
712,glnE,ECB_02923
713,glnG,ECB_03753
714,glnH,ECB_00778
715,glnK,ECB_00402
716,glnL,ECB_03754
717,glnP,ECB_00777
718,glnQ,ECB_00776
719,glnS,ECB_00637
720,gloA,ECB_01621
721,gloB,ECB_00205
722,glpA,ECB_02167
723,glpB,ECB_02168
724,glpC,ECB_02169
725,glpD,ECB_03277
726,glpE,ECB_03276
727,glpF,ECB_03812
728,glpG,ECB_03275
729,glpK,ECB_03811
730,glpQ,ECB_02165
731,glpR,ECB_03274
732,glpT,ECB_02166
733,glpX,ECB_03810
734,gltA,ECB_00680
735,gltB,ECB_03077
736,gltD,ECB_03078
737,gltI,ECB_00623
738,gltJ,ECB_00622
739,gltK,ECB_00621
740,gltP,ECB_03949
741,gltS,ECB_03511
742,gltX,ECB_02306
743,glvG,ECB_03565
744,glxK,ECB_00464
745,glxR,ECB_00459
746,glyA,ECB_02443
747,glyQ,ECB_03411
748,glyS,ECB_03410
749,gmd,ECB_01959
750,gmhB,ECB_00199
751,gmk,ECB_03505
752,gnd,ECB_01931
753,gnsA,ECB_00994
754,gnsB,ECB_01514
755,gntK,ECB_03288
756,gntP,ECB_04190
757,gntR,ECB_03289
758,gntT,ECB_03267
759,gntU,ECB_03287
760,gor,ECB_03349
761,gph,ECB_03237
762,gpmA,ECB_00708
763,gpsA,ECB_03466
764,gpt,ECB_00233
765,greA,ECB_03046
766,greB,ECB_03258
767,grpE,ECB_02502
768,grxA,ECB_00854
769,grxB,ECB_01060
770,grxC,ECB_03468
771,gshA,ECB_02543
772,gshB,ECB_02777
773,gsk,ECB_00428
774,gspA,ECB_03174
775,gspC,ECB_03175
776,gspD,ECB_03176
777,gspE,ECB_03177
778,gspF,ECB_03178
779,gspG,ECB_03179
780,gspH,ECB_03180
781,gspI,ECB_03181
782,gspJ,ECB_03182
783,gspK,ECB_03183
784,gspL,ECB_03184
785,gspM,ECB_03185
786,gspO,ECB_03186
787,gss,ECB_02864
788,guaA,ECB_02399
789,guaB,ECB_02400
790,guaC,ECB_00104
791,guaD,ECB_02716
792,gudD,ECB_02632
793,gudP,ECB_02634
794,gudX,ECB_02633
795,gutM,ECB_02556
796,gutQ,ECB_02558
797,gyrA,ECB_02157
798,gyrB,ECB_03582
799,hcaB,ECB_02433
800,hcaC,ECB_02432
801,hcaD,ECB_02434
802,hcaE,ECB_02430
803,hcaF,ECB_02431
804,hcaR,ECB_02429
805,hcaT,ECB_02428
806,hcp,ECB_00878
807,hcr,ECB_00877
808,hda,ECB_02388
809,hdeA,ECB_03358
810,hdeB,ECB_03357
811,hdeD,ECB_03359
812,hdfR,ECB_03642
813,hdhA,ECB_01588
814,helD,ECB_00966
815,hemA,ECB_01185
816,hemB,ECB_00319
817,hemC,ECB_03680
818,hemD,ECB_03679
819,hemE,ECB_03874
820,hemF,ECB_02336
821,hemG,ECB_03741
822,hemH,ECB_00426
823,hemL,ECB_00153
824,hemN,ECB_03752
825,hemX,ECB_03678
826,hemY,ECB_03677
827,hflC,ECB_04042
828,hflK,ECB_04041
829,hflX,ECB_04040
830,hfq,ECB_04039
831,hha,ECB_00411
832,hipA,ECB_01469
833,hipB,ECB_01470
834,hisA,ECB_01926
835,hisB,ECB_01924
836,hisC,ECB_01923
837,hisD,ECB_01922
838,hisF,ECB_01927
839,hisG,ECB_01921
840,hisH,ECB_01925
841,hisI,ECB_01928
842,hisJ,ECB_02234
843,hisL,ECB_01920
844,hisM,ECB_02232
845,hisP,ECB_02231
846,hisQ,ECB_02233
847,hisS,ECB_02406
848,hns,ECB_01213
849,hofB,ECB_00106
850,hofC,ECB_00105
851,hofQ,ECB_03243
852,hokA,ECB_03407
853,hokB,ECB_01376
854,hokC,ECB_04280
855,hokD,ECB_01532
856,hokE,ECB_00547
857,holA,ECB_00609
858,holB,ECB_01095
859,holC,ECB_04125
860,holD,ECB_04247
861,holE,ECB_01813
862,hpt,ECB_00124
863,hrpA,ECB_01368
864,hrpB,ECB_00147
865,hscA,ECB_02418
866,hscB,ECB_02419
867,hscC,ECB_00616
868,hsdM,ECB_04215
869,hsdR,ECB_04216
870,hsdS,ECB_04214
871,hslJ,ECB_01351
872,hslO,ECB_03253
873,hslR,ECB_03252
874,hslU,ECB_03816
875,hslV,ECB_03817
876,htpG,ECB_00424
877,htpX,ECB_01800
878,htrE,ECB_00138
879,hupA,ECB_03877
880,hupB,ECB_00392
881,hyaA,ECB_00975
882,hyaB,ECB_00976
883,hyaC,ECB_00977
884,hyaD,ECB_00978
885,hyaE,ECB_00979
886,hyaF,ECB_00980
887,hybA,ECB_02872
888,hybB,ECB_02871
889,hybC,ECB_02870
890,hybD,ECB_02869
891,hybE,ECB_02868
892,hybF,ECB_02867
893,hybG,ECB_02866
894,hycA,ECB_02575
895,hycB,ECB_02574
896,hycC,ECB_02573
897,hycD,ECB_02572
898,hycE,ECB_02571
899,hycF,ECB_02570
900,hycG,ECB_02569
901,hycH,ECB_02568
902,hycI,ECB_02567
903,hydN,ECB_02563
904,hyfA,ECB_02373
905,hyfB,ECB_02374
906,hyfD,ECB_02376
907,hyfE,ECB_02377
908,hyfF,ECB_02378
909,hyfG,ECB_02379
910,hyfH,ECB_02380
911,hyfI,ECB_02381
912,hyfJ,ECB_02382
913,hyfR,ECB_02383
914,hyi,ECB_00458
915,hypA,ECB_02576
916,hypB,ECB_02577
917,hypC,ECB_02578
918,hypD,ECB_02579
919,hypE,ECB_02580
920,hypF,ECB_02562
921,iadA,ECB_04197
922,iap,ECB_02603
923,ibpA,ECB_03570
924,ibpB,ECB_03569
925,iclR,ECB_03890
926,idi,ECB_02721
927,idnD,ECB_04133
928,idnK,ECB_04134
929,idnO,ECB_04132
930,idnR,ECB_04130
931,idnT,ECB_04131
932,ileS,ECB_00030
933,ilvA,ECB_03650
934,ilvB,ECB_03555
935,ilvC,ECB_03652
936,ilvD,ECB_03649
937,ilvE,ECB_03648
938,ilvG,ECB_03646
939,ilvH,ECB_00080
940,ilvI,ECB_00079
941,ilvL,ECB_03645
942,ilvM,ECB_03647
943,ilvN,ECB_03554
944,ilvY,ECB_03651
945,inaA,ECB_02163
946,infA,ECB_00888
947,infB,ECB_03035
948,infC,ECB_01687
949,insG,ECB_04140
950,insN,ECB_04145
951,intB,ECB_04136
952,intD,ECB_00486
953,intR,ECB_01322
954,iscA,ECB_02420
955,iscR,ECB_02423
956,iscS,ECB_02422
957,iscU,ECB_02421
958,ispA,ECB_00369
959,ispB,ECB_03052
960,ispD,ECB_02597
961,ispE,ECB_01183
962,ispF,ECB_02596
963,ispG,ECB_02407
964,ispH,ECB_00033
965,ivbL,ECB_03556
966,katE,ECB_01701
967,katG,ECB_03828
968,kbl,ECB_03475
969,kch,ECB_01224
970,kdgK,ECB_03374
971,kdgR,ECB_01798
972,kdgT,ECB_03795
973,kdpA,ECB_00655
974,kdpB,ECB_00654
975,kdpC,ECB_00653
976,kdpD,ECB_00652
977,kdpE,ECB_00651
978,kdpF,ECB_00656
979,kdsA,ECB_01190
980,kdsB,ECB_00922
981,kduD,ECB_02690
982,kduI,ECB_02691
983,kefB,ECB_03201
984,kefC,ECB_00051
985,kgtP,ECB_02481
986,kptA,ECB_04200
987,kup,ECB_03631
988,lacA,ECB_00296
989,lacI,ECB_00299
990,lacY,ECB_00297
991,lacZ,ECB_00298
992,lamB,ECB_03908
993,ldcA,ECB_01167
994,ldcC,ECB_00184
995,ldhA,ECB_01352
996,ldrA,ECB_01191
997,ldrB,ECB_01192
998,ldrC,ECB_01193
999,ldrD,ECB_03387
1000,lepA,ECB_02463
1001,lepB,ECB_02462
1002,leuA,ECB_00076
1003,leuB,ECB_00075
1004,leuC,ECB_00074
1005,leuD,ECB_00073
1006,leuL,ECB_00077
1007,leuO,ECB_00078
1008,leuS,ECB_00611
1009,lexA,ECB_03915
1010,lgt,ECB_02676
1011,lhr,ECB_01623
1012,ligA,ECB_02311
1013,lipA,ECB_00597
1014,lipB,ECB_00599
1015,livF,ECB_03303
1016,livG,ECB_03304
1017,livH,ECB_03306
1018,livJ,ECB_03309
1019,livK,ECB_03307
1020,livM,ECB_03305
1021,lldD,ECB_03463
1022,lldP,ECB_03461
1023,lldR,ECB_03462
1024,lnt,ECB_00625
1025,lolA,ECB_00895
1026,lolB,ECB_01184
1027,lomR,ECB_01509
1028,lon,ECB_00391
1029,lplA,ECB_04262
1030,lpp,ECB_01646
1031,lpxA,ECB_00179
1032,lpxB,ECB_00180
1033,lpxC,ECB_00097
1034,lpxD,ECB_00177
1035,lpxK,ECB_00919
1036,lrhA,ECB_02214
1037,lrp,ECB_00893
1038,lspA,ECB_00031
1039,ltaE,ECB_00875
1040,lysA,ECB_02686
1041,lysC,ECB_03896
1042,lysP,ECB_02085
1043,lysR,ECB_02687
1044,lysS,ECB_02722
1045,lysU,ECB_04000
1046,lyxK,ECB_03432
1047,maa,ECB_00410
1048,macA,ECB_00883
1049,macB,ECB_00884
1050,maeB,ECB_02354
1051,malE,ECB_03906
1052,malF,ECB_03905
1053,malG,ECB_03904
1054,malI,ECB_01589
1055,malK,ECB_03907
1056,malM,ECB_03909
1057,malP,ECB_03269
1058,malQ,ECB_03268
1059,malS,ECB_03423
1060,malT,ECB_03270
1061,malX,ECB_01590
1062,malY,ECB_01591
1063,malZ,ECB_00351
1064,manA,ECB_01582
1065,manX,ECB_01787
1066,manY,ECB_01788
1067,manZ,ECB_01789
1068,map,ECB_00166
1069,marA,ECB_01490
1070,marB,ECB_01491
1071,marC,ECB_01486
1072,marR,ECB_01489
1073,mazG,ECB_02626
1074,mcrB,ECB_04212
1075,mcrC,ECB_04211
1076,mdaB,ECB_02900
1077,mdh,ECB_03096
1078,mdlA,ECB_00400
1079,mdlB,ECB_00401
1080,melA,ECB_03990
1081,melB,ECB_03991
1082,melR,ECB_03989
1083,menA,ECB_03815
1084,menB,ECB_02189
1085,menC,ECB_02188
1086,menD,ECB_02191
1087,menE,ECB_02187
1088,menF,ECB_02192
1089,mepA,ECB_02253
1090,metA,ECB_03885
1091,metB,ECB_03825
1092,metC,ECB_02881
1093,metE,ECB_03708
1094,metF,ECB_03827
1095,metG,ECB_02044
1096,metH,ECB_03891
1097,metI,ECB_00197
1098,metJ,ECB_03824
1099,metK,ECB_02772
1100,metL,ECB_03826
1101,metN,ECB_00198
1102,metQ,ECB_00196
1103,metR,ECB_03707
1104,mfd,ECB_01110
1105,mglA,ECB_02078
1106,mglB,ECB_02079
1107,mglC,ECB_02077
1108,mgsA,ECB_00967
1109,mgtA,ECB_04110
1110,mhpA,ECB_00301
1111,mhpB,ECB_00302
1112,mhpC,ECB_00303
1113,mhpD,ECB_00304
1114,mhpE,ECB_00306
1115,mhpF,ECB_00305
1116,mhpR,ECB_00300
1117,mhpT,ECB_00307
1118,miaA,ECB_04038
1119,minC,ECB_01151
1120,minD,ECB_01150
1121,minE,ECB_01149
1122,mioC,ECB_03626
1123,mipA,ECB_01751
1124,mlc,ECB_01563
1125,mltA,ECB_02664
1126,mltB,ECB_02551
1127,mltC,ECB_02793
1128,mltD,ECB_00204
1129,mntH,ECB_02301
1130,mntR,ECB_00784
1131,moaA,ECB_00748
1132,moaB,ECB_00749
1133,moaC,ECB_00750
1134,moaD,ECB_00751
1135,moaE,ECB_00752
1136,mobA,ECB_03743
1137,mobB,ECB_03742
1138,modA,ECB_00716
1139,modB,ECB_00717
1140,modC,ECB_00718
1141,modE,ECB_00714
1142,modF,ECB_00713
1143,moeA,ECB_00794
1144,moeB,ECB_00793
1145,mokB,ECB_01377
1146,mokC,ECB_00017
1147,motA,ECB_01861
1148,motB,ECB_01860
1149,mpl,ECB_04101
1150,mppA,ECB_01307
1151,mqo,ECB_02137
1152,mraY,ECB_00088
1153,mrcA,ECB_03248
1154,mrcB,ECB_00148
1155,mrdA,ECB_00604
1156,mrdB,ECB_00603
1157,mreB,ECB_03110
1158,mreC,ECB_03109
1159,mreD,ECB_03108
1160,mrp,ECB_02043
1161,mrr,ECB_04217
1162,msbA,ECB_00918
1163,mscL,ECB_03141
1164,msrA,ECB_04090
1165,msyB,ECB_01048
1166,mtgA,ECB_03073
1167,mtlA,ECB_03454
1168,mtlD,ECB_03455
1169,mtlR,ECB_03456
1170,mtr,ECB_03028
1171,mukB,ECB_00928
1172,mukE,ECB_00927
1173,mukF,ECB_00926
1174,murA,ECB_03054
1175,murB,ECB_03853
1176,murC,ECB_00092
1177,murD,ECB_00089
1178,murE,ECB_00086
1179,murF,ECB_00087
1180,murG,ECB_00091
1181,murI,ECB_03852
1182,mutH,ECB_02679
1183,mutL,ECB_04037
1184,mutM,ECB_03492
1185,mutS,ECB_02583
1186,mutT,ECB_00100
1187,mutY,ECB_02791
1188,nac,ECB_01898
1189,nadA,ECB_00703
1190,nadB,ECB_02468
1191,nadC,ECB_00108
1192,nadD,ECB_00608
1193,nadE,ECB_01709
1194,nadR,ECB_04266
1195,nagA,ECB_00634
1196,nagB,ECB_00635
1197,nagC,ECB_00633
1198,nagE,ECB_00636
1199,nagZ,ECB_01103
1200,nanA,ECB_03085
1201,nanE,ECB_03083
1202,nanK,ECB_03082
1203,nanR,ECB_03086
1204,nanT,ECB_03084
1205,napA,ECB_02133
1206,napB,ECB_02130
1207,napC,ECB_02129
1208,napD,ECB_02134
1209,napF,ECB_02135
1210,napG,ECB_02132
1211,napH,ECB_02131
1212,narG,ECB_01202
1213,narH,ECB_01203
1214,narI,ECB_01205
1215,narJ,ECB_01204
1216,narK,ECB_01201
1217,narL,ECB_01199
1218,narP,ECB_02120
1219,narQ,ECB_02360
1220,narU,ECB_01427
1221,narV,ECB_01423
1222,narW,ECB_01424
1223,narX,ECB_01200
1224,narY,ECB_01425
1225,narZ,ECB_01426
1226,ndh,ECB_01105
1227,ndk,ECB_02410
1228,nei,ECB_00674
1229,nemA,ECB_01620
1230,nfi,ECB_03875
1231,nfo,ECB_02088
1232,nfrA,ECB_00522
1233,nfsA,ECB_00856
1234,nhaA,ECB_00018
1235,nhaB,ECB_01161
1236,nhaR,ECB_00019
1237,nhoA,ECB_01421
1238,nikA,ECB_03325
1239,nikB,ECB_03326
1240,nikC,ECB_03327
1241,nikD,ECB_03328
1242,nikE,ECB_03329
1243,nikR,ECB_03330
1244,ninE,ECB_00498
1245,nirB,ECB_03216
1246,nirC,ECB_03218
1247,nirD,ECB_03217
1248,nlpA,ECB_03544
1249,nlpC,ECB_01677
1250,nlpD,ECB_02592
1251,nlpI,ECB_03030
1252,norV,ECB_02560
1253,nrdA,ECB_02160
1254,nrdB,ECB_02161
1255,nrdD,ECB_04106
1256,nrdE,ECB_02531
1257,nrdF,ECB_02532
1258,nrdG,ECB_04105
1259,nrdH,ECB_02529
1260,nrdI,ECB_02530
1261,nrfA,ECB_03942
1262,nrfB,ECB_03943
1263,nrfC,ECB_03944
1264,nrfD,ECB_03945
1265,nrfE,ECB_03946
1266,nrfF,ECB_03947
1267,nrfG,ECB_03948
1268,nth,ECB_01603
1269,nudC,ECB_03873
1270,nudG,ECB_01728
1271,nuoA,ECB_02213
1272,nuoB,ECB_02212
1273,nuoC,ECB_02211
1274,nuoE,ECB_02210
1275,nuoF,ECB_02209
1276,nuoG,ECB_02208
1277,nuoH,ECB_02207
1278,nuoI,ECB_02206
1279,nuoJ,ECB_02205
1280,nuoK,ECB_02204
1281,nuoL,ECB_02203
1282,nuoM,ECB_02202
1283,nuoN,ECB_02201
1284,nupC,ECB_02302
1285,nupG,ECB_02794
1286,nusA,ECB_03036
1287,nusB,ECB_00364
1288,nusG,ECB_03858
1289,ogrK,ECB_01987
1290,ogt,ECB_01312
1291,ompA,ECB_00961
1292,ompC,ECB_02142
1293,ompF,ECB_00933
1294,ompG,ECB_01296
1295,ompN,ECB_01348
1296,ompR,ECB_03257
1297,ompT,ECB_00519
1298,ompX,ECB_00781
1299,oppA,ECB_01217
1300,oppB,ECB_01218
1301,oppC,ECB_01219
1302,oppD,ECB_01220
1303,oppF,ECB_01221
1304,orn,ECB_04032
1305,osmB,ECB_01260
1306,osmC,ECB_01440
1307,osmE,ECB_01708
1308,osmY,ECB_04251
1309,otsA,ECB_01865
1310,otsB,ECB_01866
1311,oxyR,ECB_03846
1312,pabA,ECB_03211
1313,pabB,ECB_01782
1314,pabC,ECB_01092
1315,pal,ECB_00701
1316,panB,ECB_00133
1317,panC,ECB_00132
1318,panD,ECB_00130
1319,panF,ECB_03116
1320,parC,ECB_02891
1321,parE,ECB_02902
1322,pbpC,ECB_02411
1323,pbpG,ECB_02064
1324,pcm,ECB_02593
1325,pcnB,ECB_00142
1326,pdhR,ECB_00112
1327,pdxA,ECB_00056
1328,pdxB,ECB_02245
1329,pdxH,ECB_01608
1330,pdxJ,ECB_02458
1331,pdxK,ECB_02318
1332,pdxY,ECB_01606
1333,pepA,ECB_04126
1334,pepB,ECB_02415
1335,pepD,ECB_00232
1336,pepE,ECB_03893
1337,pepN,ECB_00936
1338,pepP,ECB_02740
1339,pepQ,ECB_03738
1340,pepT,ECB_01125
1341,pfkA,ECB_03801
1342,pfkB,ECB_01692
1343,pflA,ECB_00906
1344,pflB,ECB_00907
1345,pflC,ECB_03837
1346,pflD,ECB_03836
1347,pgi,ECB_03897
1348,pgk,ECB_02757
1349,pgm,ECB_00645
1350,pgpA,ECB_00366
1351,pgpB,ECB_01255
1352,pgsA,ECB_01877
1353,pheA,ECB_02488
1354,pheL,ECB_02487
1355,pheM,ECB_01684
1356,pheP,ECB_00537
1357,pheS,ECB_01683
1358,pheT,ECB_01682
1359,phnC,ECB_03977
1360,phnD,ECB_03976
1361,phnE,ECB_03975
1362,phnF,ECB_03974
1363,phnG,ECB_03973
1364,phnH,ECB_03972
1365,phnI,ECB_03971
1366,phnJ,ECB_03970
1367,phnK,ECB_03969
1368,phnL,ECB_03968
1369,phnM,ECB_03967
1370,phnN,ECB_03966
1371,phnO,ECB_03965
1372,phnP,ECB_03964
1373,phoA,ECB_00330
1374,phoB,ECB_00347
1375,phoE,ECB_00238
1376,phoH,ECB_01022
1377,phoP,ECB_01128
1378,phoQ,ECB_01127
1379,phoR,ECB_00348
1380,phoU,ECB_03608
1381,pinQ,ECB_01504
1382,pinR,ECB_01345
1383,pitA,ECB_03342
1384,pitB,ECB_02863
1385,pldA,ECB_03700
1386,pldB,ECB_03704
1387,plsB,ECB_03913
1388,plsC,ECB_02890
1389,plsX,ECB_01086
1390,pmrD,ECB_02186
1391,pncA,ECB_01737
1392,pncB,ECB_00935
1393,pnp,ECB_03031
1394,pntA,ECB_01572
1395,pntB,ECB_01571
1396,pnuC,ECB_00704
1397,polA,ECB_03749
1398,polB,ECB_00062
1399,potA,ECB_01124
1400,potB,ECB_01123
1401,potC,ECB_01122
1402,potD,ECB_01121
1403,potE,ECB_00648
1404,potF,ECB_00859
1405,potG,ECB_00860
1406,potH,ECB_00861
1407,potI,ECB_00862
1408,poxB,ECB_00876
1409,ppa,ECB_04095
1410,ppc,ECB_03841
1411,ppdA,ECB_02674
1412,ppdB,ECB_02673
1413,ppdC,ECB_02671
1414,ppdD,ECB_00107
1415,pphA,ECB_01809
1416,pphB,ECB_02584
1417,ppiA,ECB_03214
1418,ppiB,ECB_00475
1419,ppiC,ECB_03653
1420,ppiD,ECB_00393
1421,ppk,ECB_02393
1422,pppA,ECB_02841
1423,ppsA,ECB_01671
1424,ppx,ECB_02394
1425,pqiA,ECB_00954
1426,pqiB,ECB_00955
1427,pqqL,ECB_01452
1428,prc,ECB_01801
1429,prfA,ECB_01186
1430,prfB,ECB_02723
1431,prfC,ECB_04250
1432,prfH,ECB_00231
1433,priA,ECB_03820
1434,priB,ECB_04068
1435,priC,ECB_00418
1436,prkB,ECB_03206
1437,prlC,ECB_03347
1438,prmA,ECB_03117
1439,proA,ECB_00240
1440,proB,ECB_00239
1441,proC,ECB_00333
1442,proP,ECB_03982
1443,proQ,ECB_01802
1444,proS,ECB_00193
1445,proV,ECB_02533
1446,proW,ECB_02534
1447,proX,ECB_02535
1448,proY,ECB_00350
1449,prpB,ECB_00286
1450,prpC,ECB_00287
1451,prpD,ECB_00288
1452,prpE,ECB_00289
1453,prpR,ECB_00285
1454,psd,ECB_04030
1455,psiF,ECB_00331
1456,pspA,ECB_01281
1457,pspB,ECB_01282
1458,pspC,ECB_01283
1459,pspD,ECB_01284
1460,pspE,ECB_01285
1461,pspF,ECB_01280
1462,pssA,ECB_02479
1463,pstA,ECB_03610
1464,pstB,ECB_03609
1465,pstC,ECB_03611
1466,pstS,ECB_03612
1467,pta,ECB_02222
1468,pth,ECB_01179
1469,ptrB,ECB_01816
1470,ptsA,ECB_03833
1471,ptsG,ECB_01097
1472,ptsH,ECB_02315
1473,ptsI,ECB_02316
1474,ptsN,ECB_03069
1475,ptsP,ECB_02677
1476,purA,ECB_04044
1477,purB,ECB_01129
1478,purC,ECB_02368
1479,purD,ECB_03882
1480,purE,ECB_00473
1481,purF,ECB_02237
1482,purH,ECB_03883
1483,purK,ECB_00472
1484,purL,ECB_02449
1485,purM,ECB_02391
1486,purN,ECB_02392
1487,purR,ECB_01629
1488,purT,ECB_01820
1489,purU,ECB_01208
1490,putA,ECB_01017
1491,putP,ECB_01018
1492,pykA,ECB_01825
1493,pykF,ECB_01645
1494,pyrB,ECB_04113
1495,pyrC,ECB_01058
1496,pyrD,ECB_00949
1497,pyrE,ECB_03499
1498,pyrF,ECB_01258
1499,pyrG,ECB_02625
1500,pyrH,ECB_00169
1501,pyrI,ECB_04112
1502,pyrL,ECB_04114
1503,queA,ECB_00353
1504,racC,ECB_01328
1505,rarD,ECB_03698
1506,rbfA,ECB_03034
1507,rbn,ECB_03771
1508,rbsA,ECB_03635
1509,rbsB,ECB_03637
1510,rbsC,ECB_03636
1511,rbsD,ECB_03634
1512,rbsK,ECB_03638
1513,rbsR,ECB_03639
1514,rcsC,ECB_02145
1515,rcsF,ECB_00195
1516,rdgC,ECB_00342
1517,recA,ECB_02549
1518,recB,ECB_02668
1519,recC,ECB_02670
1520,recD,ECB_02667
1521,recE,ECB_01327
1522,recF,ECB_03583
1523,recG,ECB_03509
1524,recJ,ECB_02724
1525,recN,ECB_02504
1526,recO,ECB_02459
1527,recQ,ECB_03701
1528,recR,ECB_00423
1529,recT,ECB_01326
1530,recX,ECB_02548
1531,relA,ECB_02629
1532,rem,ECB_01531
1533,renD,ECB_00492
1534,rep,ECB_03656
1535,rfaH,ECB_03733
1536,rfbA,ECB_01945
1537,rfbB,ECB_01947
1538,rfbD,ECB_01946
1539,rfe,ECB_03662
1540,rffG,ECB_03666
1541,rffH,ECB_03667
1542,rhaA,ECB_03789
1543,rhaB,ECB_03790
1544,rhaD,ECB_03788
1545,rhaR,ECB_03792
1546,rhaS,ECB_03791
1547,rhaT,ECB_03793
1548,rhlB,ECB_03658
1549,rhlE,ECB_00764
1550,rho,ECB_03661
1551,rhoL,ECB_03660
1552,rhsA,ECB_03448
1553,rhsB,ECB_03331
1554,rhsC,ECB_00658
1555,rhsD,ECB_00448
1556,rhsE,ECB_01414
1557,rhtB,ECB_03703
1558,rhtC,ECB_03702
1559,ribA,ECB_01254
1560,ribB,ECB_02913
1561,ribC,ECB_01633
1562,ribD,ECB_00362
1563,ribF,ECB_00029
1564,rihA,ECB_00617
1565,rihB,ECB_02091
1566,rihC,ECB_00034
1567,rimI,ECB_04248
1568,rimJ,ECB_01062
1569,rimK,ECB_00857
1570,rimL,ECB_01384
1571,rimM,ECB_02497
1572,rlpA,ECB_00602
1573,rluA,ECB_00060
1574,rluC,ECB_01082
1575,rluD,ECB_02484
1576,rmf,ECB_00957
1577,rna,ECB_00579
1578,rnb,ECB_01263
1579,rnd,ECB_01774
1580,rne,ECB_01080
1581,rng,ECB_03106
1582,rnhA,ECB_00207
1583,rnhB,ECB_00181
1584,rnk,ECB_00578
1585,rnpA,ECB_03587
1586,rnr,ECB_04046
1587,rnt,ECB_01622
1588,rob,ECB_04272
1589,rof,ECB_00187
1590,rpe,ECB_03238
1591,rph,ECB_03500
1592,rpiA,ECB_02745
1593,rpiB,ECB_03962
1594,rplA,ECB_03860
1595,rplB,ECB_03168
1596,rplC,ECB_03171
1597,rplD,ECB_03170
1598,rplE,ECB_03159
1599,rplF,ECB_03156
1600,rplI,ECB_04070
1601,rplJ,ECB_03861
1602,rplK,ECB_03859
1603,rplL,ECB_03862
1604,rplM,ECB_03091
1605,rplN,ECB_03161
1606,rplO,ECB_03152
1607,rplP,ECB_03164
1608,rplQ,ECB_03145
1609,rplR,ECB_03155
1610,rplS,ECB_02495
1611,rplT,ECB_01685
1612,rplU,ECB_03051
1613,rplV,ECB_03166
1614,rplW,ECB_03169
1615,rplX,ECB_03160
1616,rplY,ECB_02115
1617,rpmA,ECB_03050
1618,rpmB,ECB_03494
1619,rpmC,ECB_03163
1620,rpmD,ECB_03153
1621,rpmE,ECB_03821
1622,rpmF,ECB_01085
1623,rpmG,ECB_03493
1624,rpmH,ECB_03586
1625,rpmI,ECB_01686
1626,rpmJ,ECB_03150
1627,rpoA,ECB_03146
1628,rpoB,ECB_03863
1629,rpoC,ECB_03864
1630,rpoD,ECB_02937
1631,rpoE,ECB_02467
1632,rpoH,ECB_03310
1633,rpoN,ECB_03067
1634,rpoS,ECB_02591
1635,rpoZ,ECB_03506
1636,rpsA,ECB_00915
1637,rpsB,ECB_00167
1638,rpsC,ECB_03165
1639,rpsD,ECB_03147
1640,rpsE,ECB_03154
1641,rpsF,ECB_04067
1642,rpsG,ECB_03192
1643,rpsH,ECB_03157
1644,rpsI,ECB_03090
1645,rpsJ,ECB_03172
1646,rpsK,ECB_03148
1647,rpsL,ECB_03193
1648,rpsM,ECB_03149
1649,rpsN,ECB_03158
1650,rpsO,ECB_03032
1651,rpsP,ECB_02498
1652,rpsQ,ECB_03162
1653,rpsR,ECB_04069
1654,rpsS,ECB_03167
1655,rpsT,ECB_00027
1656,rpsU,ECB_02935
1657,rsd,ECB_03872
1658,rseA,ECB_02466
1659,rseB,ECB_02465
1660,rseC,ECB_02464
1661,rsmC,ECB_04246
1662,rspA,ECB_01550
1663,rspB,ECB_01549
1664,rstA,ECB_01577
1665,rstB,ECB_01578
1666,rsuA,ECB_02113
1667,rtcA,ECB_03271
1668,rtcB,ECB_03272
1669,rtcR,ECB_03273
1670,ruvA,ECB_01832
1671,ruvB,ECB_01831
1672,ruvC,ECB_01834
1673,rzpR,ECB_01338
1674,sanA,ECB_02073
1675,sapA,ECB_01271
1676,sapB,ECB_01270
1677,sapC,ECB_01269
1678,sapD,ECB_01268
1679,sapF,ECB_01267
1680,sbcB,ECB_01914
1681,sbcC,ECB_00345
1682,sbcD,ECB_00346
1683,sbmA,ECB_00324
1684,sbmC,ECB_01912
1685,sbp,ECB_03802
1686,sdaA,ECB_01784
1687,sdaB,ECB_02642
1688,sdaC,ECB_02641
1689,sdhA,ECB_00683
1690,sdhB,ECB_00684
1691,sdhC,ECB_00681
1692,sdhD,ECB_00682
1693,secA,ECB_00099
1694,secB,ECB_03467
1695,secD,ECB_00356
1696,secE,ECB_03857
1697,secF,ECB_00357
1698,secG,ECB_03040
1699,selA,ECB_03446
1700,selB,ECB_03445
1701,selD,ECB_01733
1702,seqA,ECB_00644
1703,serA,ECB_02744
1704,serB,ECB_04264
1705,serC,ECB_00911
1706,serS,ECB_00897
1707,setA,ECB_00072
1708,setB,ECB_02099
1709,sfmA,ECB_00480
1710,sfmC,ECB_00481
1711,sfmD,ECB_00482
1712,sfmF,ECB_00484
1713,sfmH,ECB_00483
1714,sfsA,ECB_00145
1715,sgbE,ECB_03435
1716,sgbH,ECB_03433
1717,sgbU,ECB_03434
1718,sgcA,ECB_04167
1719,sgcB,ECB_04170
1720,sgcC,ECB_04169
1721,sgcE,ECB_04166
1722,sgcQ,ECB_04168
1723,sgcR,ECB_04165
1724,sgcX,ECB_04171
1725,shiA,ECB_01893
1726,sieB,ECB_01331
1727,sixA,ECB_02264
1728,slmA,ECB_03498
1729,slp,ECB_03354
1730,slt,ECB_04268
1731,slyA,ECB_01612
1732,slyB,ECB_01611
1733,slyD,ECB_03200
1734,slyX,ECB_03199
1735,smf,ECB_03136
1736,smg,ECB_03135
1737,smpB,ECB_02508
1738,sodA,ECB_03794
1739,sodB,ECB_01626
1740,sodC,ECB_01616
1741,sohB,ECB_01248
1742,solA,ECB_01055
1743,soxR,ECB_03935
1744,soxS,ECB_03934
1745,speA,ECB_02768
1746,speB,ECB_02767
1747,speC,ECB_02795
1748,speD,ECB_00119
1749,speE,ECB_00120
1750,speF,ECB_00649
1751,speG,ECB_01553
1752,spoT,ECB_03507
1753,sppA,ECB_01735
1754,spy,ECB_01712
1755,srlA,ECB_02552
1756,srlB,ECB_02554
1757,srlD,ECB_02555
1758,srlE,ECB_02553
1759,srlR,ECB_02557
1760,srmB,ECB_02470
1761,ssb,ECB_03931
1762,sseA,ECB_02413
1763,sseB,ECB_02414
1764,ssnA,ECB_02712
1765,sspA,ECB_03089
1766,sspB,ECB_03088
1767,ssuA,ECB_00940
1768,ssuB,ECB_00937
1769,ssuC,ECB_00938
1770,ssuD,ECB_00939
1771,ssuE,ECB_00941
1772,stfR,ECB_01508
1773,stpA,ECB_02525
1774,sucA,ECB_00685
1775,sucB,ECB_00686
1776,sucC,ECB_00687
1777,sucD,ECB_00688
1778,sufA,ECB_01653
1779,sufB,ECB_01652
1780,sufC,ECB_01651
1781,sufD,ECB_01650
1782,sufE,ECB_01648
1783,sufS,ECB_01649
1784,suhB,ECB_02425
1785,sulA,ECB_00962
1786,surA,ECB_00057
1787,syd,ECB_02638
1788,tadA,ECB_02453
1789,tag,ECB_03399
1790,talA,ECB_02355
1791,talB,ECB_00008
1792,tam,ECB_01476
1793,tap,ECB_01856
1794,tar,ECB_01857
1795,tas,ECB_02682
1796,tatA,ECB_03729
1797,tatB,ECB_03730
1798,tatC,ECB_03731
1799,tatD,ECB_03732
1800,tatE,ECB_00596
1801,tauA,ECB_00315
1802,tauB,ECB_00316
1803,tauC,ECB_00317
1804,tauD,ECB_00318
1805,tdcA,ECB_02985
1806,tdcB,ECB_02984
1807,tdcC,ECB_02983
1808,tdcD,ECB_02982
1809,tdcE,ECB_02981
1810,tdcF,ECB_02980
1811,tdcG,ECB_02979
1812,tdcR,ECB_02986
1813,tdh,ECB_03474
1814,tdk,ECB_01214
1815,tehA,ECB_01386
1816,tehB,ECB_01387
1817,tesA,ECB_00445
1818,tesB,ECB_00404
1819,tfaE,ECB_00847
1820,tgt,ECB_00354
1821,thiC,ECB_03871
1822,thiD,ECB_02031
1823,thiE,ECB_03870
1824,thiF,ECB_03869
1825,thiG,ECB_03867
1826,thiH,ECB_03866
1827,thiI,ECB_00371
1828,thiL,ECB_00365
1829,thiM,ECB_02032
1830,thiP,ECB_00069
1831,thiS,ECB_03868
1832,thrA,ECB_00002
1833,thrB,ECB_00003
1834,thrC,ECB_00004
1835,thrL,ECB_00001
1836,thrS,ECB_01688
1837,thyA,ECB_02675
1838,tig,ECB_00387
1839,tilS,ECB_00186
1840,tktA,ECB_02765
1841,tktB,ECB_02356
1842,tldD,ECB_03104
1843,tmk,ECB_01094
1844,tnaA,ECB_03592
1845,tnaB,ECB_03593
1846,tolA,ECB_00699
1847,tolB,ECB_00700
1848,tolC,ECB_02907
1849,tolQ,ECB_00697
1850,tolR,ECB_00698
1851,tonB,ECB_01226
1852,topA,ECB_01250
1853,topB,ECB_01732
1854,torA,ECB_01000
1855,torC,ECB_00999
1856,torD,ECB_01001
1857,torR,ECB_00998
1858,torS,ECB_00996
1859,torT,ECB_00997
1860,torY,ECB_01844
1861,torZ,ECB_01843
1862,tpiA,ECB_03804
1863,tpx,ECB_01301
1864,treA,ECB_01172
1865,treB,ECB_04108
1866,treC,ECB_04107
1867,treF,ECB_03367
1868,treR,ECB_04109
1869,trg,ECB_01378
1870,trkA,ECB_03140
1871,trkG,ECB_01339
1872,trkH,ECB_03740
1873,trmA,ECB_03850
1874,trmD,ECB_02496
1875,trmH,ECB_03508
1876,trpA,ECB_01234
1877,trpB,ECB_01235
1878,trpC,ECB_01236
1879,trpD,ECB_01237
1880,trpE,ECB_01238
1881,trpL,ECB_01239
1882,trpR,ECB_04269
1883,trpS,ECB_03236
1884,truA,ECB_02243
1885,truB,ECB_03033
1886,trxA,ECB_03659
1887,trxB,ECB_00892
1888,trxC,ECB_02476
1889,tsf,ECB_00168
1890,tsr,ECB_04232
1891,tsx,ECB_00359
1892,ttdA,ECB_02931
1893,ttdB,ECB_02932
1894,tufA,ECB_03190
1895,tufB,ECB_03856
1896,tus,ECB_01579
1897,tynA,ECB_01358
1898,tyrA,ECB_02489
1899,tyrB,ECB_03926
1900,tyrP,ECB_01875
1901,tyrR,ECB_01300
1902,tyrS,ECB_01607
1903,ubiA,ECB_03912
1904,ubiB,ECB_03728
1905,ubiC,ECB_03911
1906,ubiD,ECB_03734
1907,ubiE,ECB_03726
1908,ubiF,ECB_00630
1909,ubiG,ECB_02158
1910,ubiH,ECB_02739
1911,ubiX,ECB_02236
1912,ucpA,ECB_02326
1913,udk,ECB_01972
1914,udp,ECB_03718
1915,ugd,ECB_01930
1916,ugpA,ECB_03301
1917,ugpB,ECB_03302
1918,ugpC,ECB_03299
1919,ugpE,ECB_03300
1920,ugpQ,ECB_03298
1921,uhpA,ECB_03553
1922,uhpB,ECB_03552
1923,uhpC,ECB_03551
1924,uhpT,ECB_03550
1925,uidA,ECB_01586
1926,uidB,ECB_01585
1927,uidC,ECB_01584
1928,uidR,ECB_01587
1929,ulaA,ECB_04060
1930,umuC,ECB_01159
1931,umuD,ECB_01158
1932,ung,ECB_02474
1933,upp,ECB_02390
1934,uraA,ECB_02389
1935,usg,ECB_02244
1936,ushA,ECB_00431
1937,uspA,ECB_03344
1938,uup,ECB_00953
1939,uvrA,ECB_03930
1940,uvrB,ECB_00746
1941,uvrC,ECB_01878
1942,uvrD,ECB_03689
1943,uvrY,ECB_01879
1944,uxaA,ECB_02960
1945,uxaB,ECB_01478
1946,uxaC,ECB_02961
1947,uxuA,ECB_04191
1948,uxuB,ECB_04192
1949,uxuR,ECB_04193
1950,valS,ECB_04124
1951,waaA,ECB_03490
1952,waaC,ECB_03478
1953,waaF,ECB_03477
1954,waaG,ECB_03488
1955,waaL,ECB_03479
1956,waaO,ECB_03486
1957,waaP,ECB_03487
1958,waaQ,ECB_03489
1959,waaY,ECB_03482
1960,wcaA,ECB_01965
1961,wcaB,ECB_01964
1962,wcaC,ECB_01963
1963,wcaD,ECB_01962
1964,wcaE,ECB_01961
1965,wcaF,ECB_01960
1966,wcaI,ECB_01956
1967,wcaJ,ECB_01953
1968,wcaK,ECB_01951
1969,wcaL,ECB_01950
1970,wcaM,ECB_01949
1971,wecB,ECB_03664
1972,wecC,ECB_03665
1973,wecE,ECB_03669
1974,wecF,ECB_03672
1975,wrbA,ECB_01007
1976,wza,ECB_01968
1977,wzb,ECB_01967
1978,wzc,ECB_01966
1979,wzxC,ECB_01952
1980,wzxE,ECB_03670
1981,wzzB,ECB_01929
1982,wzzE,ECB_03663
1983,xdhA,ECB_02699
1984,xdhB,ECB_02700
1985,xdhC,ECB_02701
1986,xdhD,ECB_02714
1987,xerC,ECB_03687
1988,xerD,ECB_02726
1989,xisR,ECB_01323
1990,xseA,ECB_02401
1991,xseB,ECB_00370
1992,xthA,ECB_01718
1993,xylA,ECB_03417
1994,xylB,ECB_03416
1995,xylE,ECB_03903
1996,xylF,ECB_03418
1997,xylH,ECB_03420
1998,xylR,ECB_03421
1999,yaaA,ECB_00006
2000,yaaI,ECB_00013
2001,yaaJ,ECB_00007
2002,yaaU,ECB_00049
2003,yaaW,ECB_00011
2004,yaaX,ECB_00005
2005,yaaY,ECB_00028
2006,yabI,ECB_00067
2007,yacC,ECB_00121
2008,yacG,ECB_00101
2009,yacH,ECB_00116
2010,yacL,ECB_00118
2011,yadC,ECB_00134
2012,yadE,ECB_00129
2013,yadG,ECB_00126
2014,yadH,ECB_00127
2015,yadI,ECB_00128
2016,yadK,ECB_00135
2017,yadL,ECB_00136
2018,yadM,ECB_00137
2019,yadN,ECB_00140
2020,yadS,ECB_00156
2021,yaeF,ECB_00192
2022,yaeH,ECB_00162
2023,yaeI,ECB_00163
2024,yaeP,ECB_00188
2025,yaeQ,ECB_00189
2026,yaeR,ECB_00185
2027,yafC,ECB_00201
2028,yafD,ECB_00202
2029,yafE,ECB_00203
2030,yafJ,ECB_00218
2031,yafL,ECB_00222
2032,yafN,ECB_00227
2033,yafO,ECB_00228
2034,yafP,ECB_00229
2035,yafQ,ECB_00220
2036,yafS,ECB_00206
2037,yafT,ECB_00209
2038,yafV,ECB_00214
2039,yafZ,ECB_02803
2040,yagP,ECB_00241
2041,yagU,ECB_00246
2042,yahB,ECB_00272
2043,yahC,ECB_00273
2044,yahD,ECB_00274
2045,yahE,ECB_00275
2046,yahF,ECB_00276
2047,yahG,ECB_00277
2048,yahI,ECB_00278
2049,yahJ,ECB_00279
2050,yahK,ECB_00280
2051,yahL,ECB_00281
2052,yahM,ECB_00282
2053,yahN,ECB_00283
2054,yahO,ECB_00284
2055,yaiA,ECB_00336
2056,yaiI,ECB_00334
2057,yaiL,ECB_00308
2058,yaiO,ECB_00312
2059,yaiT,ECB_00321
2060,yaiW,ECB_00325
2061,yaiY,ECB_00326
2062,yaiZ,ECB_00327
2063,yajC,ECB_00355
2064,yajD,ECB_00358
2065,yajG,ECB_00385
2066,yajI,ECB_00360
2067,yajO,ECB_00367
2068,yajQ,ECB_00374
2069,yajR,ECB_00375
2070,ybaA,ECB_00407
2071,ybaB,ECB_00422
2072,ybaE,ECB_00397
2073,ybaK,ECB_00432
2074,ybaL,ECB_00429
2075,ybaM,ECB_00417
2076,ybaN,ECB_00419
2077,ybaP,ECB_00433
2078,ybaQ,ECB_00434
2079,ybaT,ECB_00437
2080,ybaV,ECB_00394
2081,ybaY,ECB_00405
2082,ybaZ,ECB_00406
2083,ybbA,ECB_00446
2084,ybbC,ECB_00449
2085,ybbD,ECB_00451
2086,ybbJ,ECB_00439
2087,ybbO,ECB_00444
2088,ybbP,ECB_00447
2089,ybbY,ECB_00463
2090,ybcH,ECB_00521
2091,ybcI,ECB_00477
2092,ybcJ,ECB_00478
2093,ybcK,ECB_00494
2094,ybcL,ECB_00495
2095,ybcM,ECB_00496
2096,ybcN,ECB_00497
2097,ybcO,ECB_00499
2098,ybcW,ECB_01513
2099,ybdD,ECB_00566
2100,ybdF,ECB_00540
2101,ybdG,ECB_00538
2102,ybdJ,ECB_00541
2103,ybdK,ECB_00542
2104,ybdL,ECB_00568
2105,ybdM,ECB_00569
2106,ybdN,ECB_00570
2107,ybdR,ECB_00577
2108,ybdZ,ECB_00552
2109,ybeD,ECB_00600
2110,ybeF,ECB_00598
2111,ybeL,ECB_00612
2112,ybeM,ECB_00595
2113,ybeR,ECB_00614
2114,ybeX,ECB_00626
2115,ybeY,ECB_00627
2116,ybeZ,ECB_00628
2117,ybfA,ECB_00657
2118,ybfB,ECB_00659
2119,ybfC,ECB_00661
2120,ybfD,ECB_00666
2121,ybfE,ECB_00642
2122,ybfF,ECB_00643
2123,ybfO,ECB_00660
2124,ybfP,ECB_00646
2125,ybgA,ECB_00667
2126,ybgC,ECB_00696
2127,ybgD,ECB_00679
2128,ybgE,ECB_00695
2129,ybgI,ECB_00670
2130,ybgO,ECB_00676
2131,ybgP,ECB_00677
2132,ybgQ,ECB_00678
2133,ybgS,ECB_00706
2134,ybhA,ECB_00719
2135,ybhB,ECB_00740
2136,ybhC,ECB_00725
2137,ybhD,ECB_00721
2138,ybhF,ECB_00761
2139,ybhG,ECB_00762
2140,ybhH,ECB_00722
2141,ybhI,ECB_00723
2142,ybhJ,ECB_00724
2143,ybhK,ECB_00747
2144,ybhL,ECB_00753
2145,ybhM,ECB_00754
2146,ybhN,ECB_00755
2147,ybhP,ECB_00757
2148,ybhQ,ECB_00758
2149,ybhR,ECB_00759
2150,ybhS,ECB_00760
2151,ybiA,ECB_00765
2152,ybiB,ECB_00767
2153,ybiI,ECB_00770
2154,ybiJ,ECB_00769
2155,ybiO,ECB_00775
2156,ybiR,ECB_00785
2157,ybiT,ECB_00787
2158,ybiU,ECB_00788
2159,ybiV,ECB_00789
2160,ybiW,ECB_00790
2161,ybiX,ECB_00771
2162,ybiY,ECB_00791
2163,ybjC,ECB_00855
2164,ybjD,ECB_00881
2165,ybjG,ECB_00808
2166,ybjH,ECB_00810
2167,ybjI,ECB_00811
2168,ybjJ,ECB_00812
2169,ybjL,ECB_00852
2170,ybjM,ECB_00853
2171,ybjN,ECB_00858
2172,ybjO,ECB_00863
2173,ybjP,ECB_00870
2174,ybjQ,ECB_00871
2175,ybjS,ECB_00873
2176,ybjT,ECB_00874
2177,ybjX,ECB_00882
2178,ycaC,ECB_00901
2179,ycaD,ECB_00902
2180,ycaI,ECB_00917
2181,ycaK,ECB_00905
2182,ycaL,ECB_00913
2183,ycaM,ECB_00903
2184,ycaN,ECB_00904
2185,ycaO,ECB_00909
2186,ycaP,ECB_00910
2187,ycaQ,ECB_00920
2188,ycaR,ECB_00921
2189,ycbF,ECB_00948
2190,ycbJ,ECB_00923
2191,ycbU,ECB_00946
2192,ycbV,ECB_00947
2193,ycbX,ECB_00951
2194,ycbZ,ECB_00959
2195,yccA,ECB_00974
2196,yccE,ECB_01004
2197,yccF,ECB_00965
2198,yccJ,ECB_01006
2199,yccM,ECB_00995
2200,yccS,ECB_00964
2201,yccT,ECB_00968
2202,yccU,ECB_00969
2203,yccX,ECB_00972
2204,ycdX,ECB_01031
2205,ycdY,ECB_01032
2206,ycdZ,ECB_01033
2207,yceB,ECB_01059
2208,yceD,ECB_01084
2209,yceF,ECB_01083
2210,yceH,ECB_01063
2211,yceI,ECB_01052
2212,yceJ,ECB_01053
2213,yceK,ECB_01047
2214,yceO,ECB_01054
2215,ycfH,ECB_01096
2216,ycfJ,ECB_01106
2217,ycfL,ECB_01100
2218,ycfP,ECB_01104
2219,ycfT,ECB_01111
2220,ycfZ,ECB_01119
2221,ycgB,ECB_01163
2222,ycgI,ECB_01148
2223,ycgJ,ECB_01152
2224,ycgL,ECB_01154
2225,ycgM,ECB_01155
2226,ycgN,ECB_01156
2227,ycgR,ECB_01169
2228,ycgV,ECB_01177
2229,ycgX,ECB_01136
2230,ycgY,ECB_01171
2231,ycgZ,ECB_01139
2232,ychA,ECB_01189
2233,ychE,ECB_01216
2234,ychF,ECB_01178
2235,ychH,ECB_01180
2236,ychJ,ECB_01209
2237,ychN,ECB_01197
2238,ychQ,ECB_01188
2239,yciA,ECB_01227
2240,yciC,ECB_01229
2241,yciE,ECB_01231
2242,yciF,ECB_01232
2243,yciG,ECB_01233
2244,yciH,ECB_01259
2245,yciI,ECB_01225
2246,yciK,ECB_01247
2247,yciN,ECB_01249
2248,yciO,ECB_01241
2249,yciT,ECB_01261
2250,yciU,ECB_01222
2251,yciV,ECB_01240
2252,yciW,ECB_01264
2253,ycjD,ECB_01266
2254,ycjF,ECB_01299
2255,ycjG,ECB_01302
2256,ycjM,ECB_01286
2257,ycjN,ECB_01287
2258,ycjO,ECB_01288
2259,ycjP,ECB_01289
2260,ycjQ,ECB_01290
2261,ycjR,ECB_01291
2262,ycjS,ECB_01292
2263,ycjT,ECB_01293
2264,ycjU,ECB_01294
2265,ycjV,ECB_01295
2266,ycjW,ECB_01297
2267,ycjX,ECB_01298
2268,ycjY,ECB_01305
2269,ydaE,ECB_01329
2270,ydaF,ECB_01332
2271,ydaG,ECB_01333
2272,ydbD,ECB_01362
2273,ydbH,ECB_01353
2274,ydbJ,ECB_01350
2275,ydbK,ECB_01349
2276,ydbL,ECB_01355
2277,ydcA,ECB_01375
2278,ydcC,ECB_01418
2279,ydcD,ECB_01415
2280,ydcF,ECB_01369
2281,ydcH,ECB_01383
2282,ydcI,ECB_01379
2283,ydcJ,ECB_01380
2284,ydcK,ECB_01385
2285,ydcL,ECB_01388
2286,ydcO,ECB_01391
2287,ydcR,ECB_01396
2288,ydcS,ECB_01397
2289,ydcT,ECB_01398
2290,ydcU,ECB_01399
2291,ydcV,ECB_01400
2292,ydcY,ECB_01403
2293,ydcZ,ECB_01404
2294,yddA,ECB_01454
2295,yddB,ECB_01453
2296,yddG,ECB_01431
2297,yddH,ECB_01420
2298,yddJ,ECB_01428
2299,yddK,ECB_01429
2300,yddL,ECB_01430
2301,yddM,ECB_01435
2302,ydeE,ECB_01493
2303,ydeI,ECB_01495
2304,ydeJ,ECB_01496
2305,ydeM,ECB_01455
2306,ydeN,ECB_01456
2307,ydeO,ECB_01457
2308,ydeP,ECB_01459
2309,ydeQ,ECB_01460
2310,ydeR,ECB_01461
2311,ydeS,ECB_01462
2312,ydeT,ECB_01463
2313,ydfD,ECB_01544
2314,ydfE,ECB_01545
2315,ydfG,ECB_01498
2316,ydfH,ECB_01499
2317,ydfI,ECB_01501
2318,ydfJ,ECB_01502
2319,ydfK,ECB_01503
2320,ydfR,ECB_01520
2321,ydfU,ECB_01529
2322,ydfX,ECB_01537
2323,ydfZ,ECB_01500
2324,ydgA,ECB_01583
2325,ydgC,ECB_01576
2326,ydgD,ECB_01567
2327,ydgH,ECB_01573
2328,ydgI,ECB_01574
2329,ydgJ,ECB_01593
2330,ydgK,ECB_01596
2331,ydhB,ECB_01630
2332,ydhC,ECB_01631
2333,ydhF,ECB_01617
2334,ydhI,ECB_01613
2335,ydhJ,ECB_01614
2336,ydhK,ECB_01615
2337,ydhL,ECB_01618
2338,ydhP,ECB_01627
2339,ydhQ,ECB_01635
2340,ydhR,ECB_01636
2341,ydhS,ECB_01637
2342,ydhT,ECB_01638
2343,ydhU,ECB_01639
2344,ydhV,ECB_01642
2345,ydhW,ECB_01641
2346,ydhX,ECB_01640
2347,ydhY,ECB_01643
2348,ydiB,ECB_01661
2349,ydiE,ECB_01674
2350,ydiF,ECB_01663
2351,ydiH,ECB_01654
2352,ydiJ,ECB_01656
2353,ydiK,ECB_01657
2354,ydiL,ECB_01658
2355,ydiN,ECB_01660
2356,ydiO,ECB_01664
2357,ydiP,ECB_01665
2358,ydiQ,ECB_01666
2359,ydiR,ECB_01667
2360,ydiS,ECB_01668
2361,ydiT,ECB_01669
2362,ydiY,ECB_01691
2363,ydiZ,ECB_01693
2364,ydjA,ECB_01734
2365,ydjE,ECB_01738
2366,ydjF,ECB_01739
2367,ydjG,ECB_01740
2368,ydjH,ECB_01741
2369,ydjI,ECB_01742
2370,ydjJ,ECB_01743
2371,ydjK,ECB_01744
2372,ydjL,ECB_01745
2373,ydjM,ECB_01697
2374,ydjO,ECB_01699
2375,ydjX,ECB_01719
2376,ydjZ,ECB_01721
2377,yeaC,ECB_01746
2378,yeaD,ECB_01749
2379,yeaE,ECB_01750
2380,yeaG,ECB_01752
2381,yeaH,ECB_01753
2382,yeaK,ECB_01756
2383,yeaL,ECB_01758
2384,yeaO,ECB_01761
2385,yeaQ,ECB_01764
2386,yeaR,ECB_01766
2387,yeaV,ECB_01771
2388,yeaW,ECB_01772
2389,yeaX,ECB_01773
2390,yeaY,ECB_01776
2391,yebB,ECB_01833
2392,yebC,ECB_01835
2393,yebE,ECB_01817
2394,yebF,ECB_01818
2395,yebG,ECB_01819
2396,yebK,ECB_01824
2397,yebO,ECB_01795
2398,yebQ,ECB_01799
2399,yebV,ECB_01807
2400,yebW,ECB_01808
2401,yebY,ECB_01810
2402,yebZ,ECB_01811
2403,yecA,ECB_01876
2404,yecD,ECB_01838
2405,yecE,ECB_01839
2406,yecH,ECB_01874
2407,yecJ,ECB_01871
2408,yecM,ECB_01846
2409,yecN,ECB_01840
2410,yecR,ECB_01872
2411,yecT,ECB_01848
2412,yeeA,ECB_01911
2413,yeeD,ECB_01915
2414,yeeE,ECB_01916
2415,yeeJ,ECB_01891
2416,yeeN,ECB_01895
2417,yeeO,ECB_01896
2418,yeeR,ECB_02801
2419,yeeS,ECB_02805
2420,yeeT,ECB_02806
2421,yeeW,ECB_02809
2422,yeeY,ECB_01918
2423,yeeZ,ECB_01919
2424,yegD,ECB_01975
2425,yegH,ECB_01969
2426,yegI,ECB_01976
2427,yegL,ECB_01978
2428,yegP,ECB_01985
2429,yegR,ECB_02014
2430,yegS,ECB_02015
2431,yegT,ECB_02026
2432,yegU,ECB_02027
2433,yegV,ECB_02028
2434,yegW,ECB_02029
2435,yegX,ECB_02030
2436,yegZ,ECB_01988
2437,yehE,ECB_02042
2438,yehI,ECB_02046
2439,yehK,ECB_02047
2440,yehL,ECB_02048
2441,yehM,ECB_02049
2442,yehP,ECB_02050
2443,yehQ,ECB_02051
2444,yehR,ECB_02052
2445,yehS,ECB_02053
2446,yehW,ECB_02058
2447,yehX,ECB_02059
2448,yehY,ECB_02060
2449,yeiB,ECB_02081
2450,yeiE,ECB_02086
2451,yeiG,ECB_02083
2452,yeiH,ECB_02087
2453,yeiI,ECB_02089
2454,yeiL,ECB_02092
2455,yeiP,ECB_02101
2456,yeiQ,ECB_02102
2457,yeiR,ECB_02103
2458,yeiS,ECB_02074
2459,yeiW,ECB_02100
2460,yejA,ECB_02107
2461,yejB,ECB_02108
2462,yejE,ECB_02109
2463,yejF,ECB_02110
2464,yejG,ECB_02111
2465,yejK,ECB_02116
2466,yejL,ECB_02117
2467,yejO,ECB_02119
2468,yfaA,ECB_02156
2469,yfaE,ECB_02162
2470,yfaH,ECB_02164
2471,yfaL,ECB_02159
2472,yfaP,ECB_02152
2473,yfaQ,ECB_02153
2474,yfaS,ECB_02154
2475,yfaT,ECB_02155
2476,yfaU,ECB_02171
2477,yfaV,ECB_02172
2478,yfaX,ECB_02174
2479,yfaY,ECB_02175
2480,yfaZ,ECB_02176
2481,yfbM,ECB_02198
2482,yfbR,ECB_02216
2483,yfbS,ECB_02217
2484,yfbU,ECB_02219
2485,yfbV,ECB_02220
2486,yfcA,ECB_02252
2487,yfcC,ECB_02223
2488,yfcD,ECB_02224
2489,yfcE,ECB_02225
2490,yfcF,ECB_02226
2491,yfcG,ECB_02227
2492,yfcH,ECB_02229
2493,yfcJ,ECB_02247
2494,yfcL,ECB_02250
2495,yfcO,ECB_02257
2496,yfcP,ECB_02258
2497,yfcQ,ECB_02259
2498,yfcR,ECB_02260
2499,yfcS,ECB_02261
2500,yfcV,ECB_02263
2501,yfcZ,ECB_02267
2502,yfdC,ECB_02273
2503,yfdE,ECB_02281
2504,yfdV,ECB_02282
2505,yfdX,ECB_02285
2506,yfdY,ECB_02287
2507,yfeC,ECB_02304
2508,yfeD,ECB_02305
2509,yfeH,ECB_02309
2510,yfeK,ECB_02319
2511,yfeO,ECB_02299
2512,yfeR,ECB_02308
2513,yfeS,ECB_02320
2514,yfeW,ECB_02330
2515,yfeX,ECB_02331
2516,yfeY,ECB_02332
2517,yfeZ,ECB_02333
2518,yffB,ECB_02362
2519,yfgD,ECB_02387
2520,yfgG,ECB_02396
2521,yfgH,ECB_02397
2522,yfgI,ECB_02398
2523,yfgJ,ECB_02402
2524,yfgM,ECB_02405
2525,yfhH,ECB_02455
2526,yfhL,ECB_02456
2527,yfhM,ECB_02412
2528,yfhR,ECB_02426
2529,yfiB,ECB_02494
2530,yfiC,ECB_02469
2531,yfiE,ECB_02471
2532,yfiF,ECB_02475
2533,yfiL,ECB_02491
2534,yfiM,ECB_02480
2535,yfiR,ECB_02492
2536,yfjD,ECB_02501
2537,yfjF,ECB_02506
2538,ygaC,ECB_02527
2539,ygaH,ECB_02538
2540,ygaM,ECB_02528
2541,ygaP,ECB_02524
2542,ygaV,ECB_02523
2543,ygaZ,ECB_02537
2544,ygbA,ECB_02582
2545,ygbE,ECB_02599
2546,ygbI,ECB_02585
2547,ygbJ,ECB_02586
2548,ygbK,ECB_02587
2549,ygbL,ECB_02588
2550,ygbM,ECB_02589
2551,ygbN,ECB_02590
2552,ygcE,ECB_02620
2553,ygcG,ECB_02623
2554,ygcN,ECB_02611
2555,ygcO,ECB_02612
2556,ygcP,ECB_02613
2557,ygcQ,ECB_02614
2558,ygcR,ECB_02615
2559,ygcS,ECB_02616
2560,ygcU,ECB_02617
2561,ygcW,ECB_02618
2562,ygdB,ECB_02672
2563,ygdD,ECB_02658
2564,ygdI,ECB_02660
2565,ygdQ,ECB_02680
2566,ygdR,ECB_02681
2567,ygeA,ECB_02688
2568,ygeQ,ECB_02697
2569,ygeV,ECB_02702
2570,ygeW,ECB_02703
2571,ygeX,ECB_02704
2572,ygeY,ECB_02705
2573,ygfB,ECB_02741
2574,ygfF,ECB_02734
2575,ygfI,ECB_02752
2576,ygfK,ECB_02711
2577,ygfM,ECB_02713
2578,ygfS,ECB_02718
2579,ygfT,ECB_02719
2580,ygfX,ECB_02728
2581,ygfZ,ECB_02730
2582,yggC,ECB_02759
2583,yggE,ECB_02753
2584,yggF,ECB_02761
2585,yggL,ECB_02789
2586,yggM,ECB_02786
2587,yggN,ECB_02788
2588,yggP,ECB_02762
2589,yggR,ECB_02780
2590,yggS,ECB_02781
2591,yggT,ECB_02782
2592,yggU,ECB_02783
2593,yggX,ECB_02792
2594,yghA,ECB_02878
2595,yghB,ECB_02882
2596,yghD,ECB_02829
2597,yghF,ECB_02839
2598,yghG,ECB_02840
2599,yghJ,ECB_02842
2600,yghO,ECB_02850
2601,yghQ,ECB_02859
2602,yghR,ECB_02860
2603,yghS,ECB_02861
2604,yghT,ECB_02862
2605,yghU,ECB_02865
2606,yghW,ECB_02874
2607,ygiA,ECB_02908
2608,ygiB,ECB_02909
2609,ygiC,ECB_02910
2610,ygiD,ECB_02911
2611,ygiF,ECB_02924
2612,ygiL,ECB_02915
2613,ygiM,ECB_02925
2614,ygiN,ECB_02901
2615,ygiQ,ECB_02888
2616,ygiS,ECB_02892
2617,ygiV,ECB_02895
2618,ygiW,ECB_02896
2619,ygiZ,ECB_02899
2620,ygjH,ECB_02943
2621,ygjI,ECB_02947
2622,ygjJ,ECB_02948
2623,ygjK,ECB_02949
2624,ygjP,ECB_02954
2625,ygjQ,ECB_02955
2626,ygjR,ECB_02956
2627,ygjV,ECB_02959
2628,yhaB,ECB_02987
2629,yhaC,ECB_02988
2630,yhaH,ECB_02972
2631,yhaI,ECB_02973
2632,yhaJ,ECB_02974
2633,yhaK,ECB_02975
2634,yhaL,ECB_02976
2635,yhaV,ECB_02995
2636,yhbE,ECB_03049
2637,yhbO,ECB_03020
2638,yhbP,ECB_03021
2639,yhbQ,ECB_03022
2640,yhbS,ECB_03023
2641,yhbW,ECB_03027
2642,yhbX,ECB_03039
2643,yhbY,ECB_03045
2644,yhcC,ECB_03076
2645,yhcG,ECB_03079
2646,yhcN,ECB_03098
2647,yhcO,ECB_03099
2648,yhdE,ECB_03107
2649,yhdH,ECB_03112
2650,yhdJ,ECB_03120
2651,yhdN,ECB_03144
2652,yhdP,ECB_03105
2653,yhdT,ECB_03115
2654,yhdU,ECB_03121
2655,yhdV,ECB_03125
2656,yhdW,ECB_03126
2657,yhdX,ECB_03127
2658,yhdY,ECB_03128
2659,yhdZ,ECB_03129
2660,yheO,ECB_03197
2661,yheS,ECB_03203
2662,yheT,ECB_03204
2663,yheU,ECB_03205
2664,yhfA,ECB_03207
2665,yhfG,ECB_03213
2666,yhfK,ECB_03209
2667,yhfL,ECB_03220
2668,yhfT,ECB_03229
2669,yhfU,ECB_03230
2670,yhfW,ECB_03232
2671,yhfX,ECB_03233
2672,yhfY,ECB_03234
2673,yhfZ,ECB_03235
2674,yhgE,ECB_03254
2675,yhgF,ECB_03259
2676,yhgH,ECB_03265
2677,yhgN,ECB_03286
2678,yhhA,ECB_03297
2679,yhhH,ECB_03332
2680,yhhI,ECB_03334
2681,yhhJ,ECB_03335
2682,yhhL,ECB_03315
2683,yhhM,ECB_03316
2684,yhhN,ECB_03317
2685,yhhQ,ECB_03320
2686,yhhS,ECB_03322
2687,yhhT,ECB_03323
2688,yhhW,ECB_03290
2689,yhhX,ECB_03291
2690,yhhY,ECB_03292
2691,yhhZ,ECB_03293
2692,yhiD,ECB_03356
2693,yhiI,ECB_03337
2694,yhiJ,ECB_03338
2695,yhiM,ECB_03340
2696,yhiN,ECB_03341
2697,yhiS,ECB_03353
2698,yhjB,ECB_03368
2699,yhjD,ECB_03370
2700,yhjE,ECB_03371
2701,yhjG,ECB_03372
2702,yhjJ,ECB_03375
2703,yhjR,ECB_03383
2704,yhjV,ECB_03390
2705,yhjX,ECB_03397
2706,yhjY,ECB_03398
2707,yiaA,ECB_03414
2708,yiaB,ECB_03415
2709,yiaC,ECB_03400
2710,yiaD,ECB_03402
2711,yiaF,ECB_03404
2712,yiaG,ECB_03405
2713,yiaK,ECB_03427
2714,yiaL,ECB_03428
2715,yiaM,ECB_03429
2716,yiaN,ECB_03430
2717,yiaO,ECB_03431
2718,yiaT,ECB_03439
2719,yiaU,ECB_03440
2720,yiaV,ECB_03441
2721,yiaW,ECB_03442
2722,yiaY,ECB_03444
2723,yibA,ECB_03449
2724,yibF,ECB_03447
2725,yibG,ECB_03451
2726,yibH,ECB_03452
2727,yibI,ECB_03453
2728,yibJ,ECB_03450
2729,yibL,ECB_03458
2730,yibN,ECB_03469
2731,yibQ,ECB_03472
2732,yicC,ECB_03501
2733,yicG,ECB_03503
2734,yicH,ECB_03513
2735,yicI,ECB_03514
2736,yicJ,ECB_03515
2737,yicL,ECB_03543
2738,yicN,ECB_03547
2739,yidA,ECB_03580
2740,yidB,ECB_03581
2741,yidC,ECB_03589
2742,yidD,ECB_03588
2743,yidE,ECB_03568
2744,yidF,ECB_03558
2745,yidG,ECB_03559
2746,yidH,ECB_03560
2747,yidI,ECB_03561
2748,yidJ,ECB_03562
2749,yidK,ECB_03563
2750,yidL,ECB_03564
2751,yidQ,ECB_03571
2752,yidR,ECB_03572
2753,yidX,ECB_03579
2754,yidZ,ECB_03595
2755,yieE,ECB_03596
2756,yieF,ECB_03597
2757,yieH,ECB_03599
2758,yieK,ECB_03602
2759,yieL,ECB_03603
2760,yieP,ECB_03641
2761,yifB,ECB_03644
2762,yifK,ECB_03674
2763,yifL,ECB_03684
2764,yigA,ECB_03686
2765,yigB,ECB_03688
2766,yigE,ECB_03691
2767,yigF,ECB_03696
2768,yigG,ECB_03697
2769,yigI,ECB_03699
2770,yigL,ECB_03705
2771,yigZ,ECB_03739
2772,yihA,ECB_03750
2773,yihD,ECB_03744
2774,yihF,ECB_03747
2775,yihG,ECB_03748
2776,yihI,ECB_03751
2777,yihL,ECB_03757
2778,yihM,ECB_03758
2779,yihN,ECB_03759
2780,yihO,ECB_03761
2781,yihP,ECB_03762
2782,yihQ,ECB_03763
2783,yihR,ECB_03764
2784,yihS,ECB_03765
2785,yihT,ECB_03766
2786,yihU,ECB_03767
2787,yihV,ECB_03768
2788,yihX,ECB_03770
2789,yiiE,ECB_03774
2790,yiiF,ECB_03775
2791,yiiG,ECB_03781
2792,yiiM,ECB_03796
2793,yiiQ,ECB_03805
2794,yiiR,ECB_03806
2795,yiiS,ECB_03807
2796,yiiX,ECB_03823
2797,yijD,ECB_03849
2798,yijE,ECB_03829
2799,yijF,ECB_03830
2800,yijO,ECB_03839
2801,yjaB,ECB_03884
2802,yjaG,ECB_03876
2803,yjaH,ECB_03878
2804,yjbB,ECB_03892
2805,yjbD,ECB_03895
2806,yjbE,ECB_03898
2807,yjbF,ECB_03899
2808,yjbG,ECB_03900
2809,yjbH,ECB_03901
2810,yjbI,ECB_03910
2811,yjbJ,ECB_03917
2812,yjbL,ECB_03919
2813,yjbM,ECB_03920
2814,yjbQ,ECB_03928
2815,yjbR,ECB_03929
2816,yjcB,ECB_03932
2817,yjcE,ECB_03937
2818,yjcF,ECB_03938
2819,yjcH,ECB_03940
2820,yjcO,ECB_03950
2821,yjcS,ECB_03955
2822,yjdC,ECB_04005
2823,yjdF,ECB_03992
2824,yjdI,ECB_03997
2825,yjdJ,ECB_03998
2826,yjdP,ECB_03963
2827,yjeH,ECB_04011
2828,yjeI,ECB_04014
2829,yjeJ,ECB_04015
2830,yjeM,ECB_04028
2831,yjeT,ECB_04043
2832,yjfC,ECB_04053
2833,yjfF,ECB_04099
2834,yjfI,ECB_04048
2835,yjfJ,ECB_04049
2836,yjfK,ECB_04050
2837,yjfL,ECB_04051
2838,yjfM,ECB_04052
2839,yjfN,ECB_04055
2840,yjfP,ECB_04057
2841,yjfY,ECB_04066
2842,yjgA,ECB_04102
2843,yjgH,ECB_04115
2844,yjgL,ECB_04119
2845,yjgM,ECB_04122
2846,yjgN,ECB_04123
2847,yjgR,ECB_04129
2848,yjgW,ECB_04137
2849,yjgZ,ECB_04139
2850,yjhP,ECB_04172
2851,yjhQ,ECB_04173
2852,yjiA,ECB_04218
2853,yjiC,ECB_04194
2854,yjiG,ECB_04198
2855,yjiH,ECB_04199
2856,yjiJ,ECB_04201
2857,yjiK,ECB_04202
2858,yjiL,ECB_04203
2859,yjiM,ECB_04204
2860,yjiN,ECB_04205
2861,yjiX,ECB_04219
2862,yjjA,ECB_04237
2863,yjjB,ECB_04240
2864,yjjG,ECB_04249
2865,yjjI,ECB_04256
2866,yjjP,ECB_04241
2867,yjjQ,ECB_04242
2868,yjjU,ECB_04253
2869,yjjV,ECB_04254
2870,yjjW,ECB_04255
2871,yjjX,ECB_04270
2872,yjjY,ECB_04278
2873,yjjZ,ECB_04245
2874,ykfJ,ECB_00230
2875,ykgA,ECB_00257
2876,ykgE,ECB_00262
2877,ykgF,ECB_00263
2878,ykgG,ECB_00264
2879,ykgH,ECB_00266
2880,ykgJ,ECB_00247
2881,ykgL,ECB_00254
2882,ykgM,ECB_00255
2883,ykiA,ECB_00339
2884,ylaC,ECB_00409
2885,ylbE,ECB_00469
2886,ylbF,ECB_00470
2887,ylbG,ECB_00452
2888,ylbH,ECB_00450
2889,ylcG,ECB_00501
2890,yliI,ECB_00804
2891,ymdA,ECB_01041
2892,ymdB,ECB_01042
2893,ymdF,ECB_01008
2894,ymfA,ECB_01120
2895,ymgA,ECB_01140
2896,ymgC,ECB_01142
2897,ymgD,ECB_01146
2898,ymgE,ECB_01170
2899,ymgF,ECB_01144
2900,ymjA,ECB_01272
2901,ynaE,ECB_01346
2902,ynaI,ECB_01308
2903,ynaJ,ECB_01309
2904,ynaK,ECB_01340
2905,ynbA,ECB_01363
2906,ynbB,ECB_01364
2907,ynbC,ECB_01365
2908,ynbD,ECB_01366
2909,ynbE,ECB_01354
2910,yncD,ECB_01408
2911,yncE,ECB_01409
2912,yncG,ECB_01411
2913,yncH,ECB_01412
2914,yncJ,ECB_01394
2915,yneE,ECB_01477
2916,yneG,ECB_01480
2917,yneJ,ECB_01483
2918,yneK,ECB_01484
2919,yneL,ECB_01468
2920,ynfA,ECB_01551
2921,ynfB,ECB_01552
2922,ynfC,ECB_01554
2923,ynfD,ECB_01555
2924,ynfE,ECB_01556
2925,ynfF,ECB_01557
2926,ynfG,ECB_01558
2927,ynfH,ECB_01559
2928,ynfK,ECB_01562
2929,ynfL,ECB_01564
2930,ynfM,ECB_01565
2931,ynfN,ECB_01515
2932,yniA,ECB_01694
2933,yniB,ECB_01695
2934,ynjA,ECB_01722
2935,ynjB,ECB_01723
2936,ynjC,ECB_01724
2937,ynjD,ECB_01725
2938,ynjE,ECB_01726
2939,ynjF,ECB_01727
2940,ynjH,ECB_01729
2941,ynjI,ECB_01731
2942,yoaA,ECB_01778
2943,yoaB,ECB_01779
2944,yoaC,ECB_01780
2945,yoaE,ECB_01786
2946,yoaF,ECB_01762
2947,yoaG,ECB_01765
2948,yoaH,ECB_01781
2949,yobA,ECB_01812
2950,yobB,ECB_01814
2951,yobD,ECB_01790
2952,yobF,ECB_01794
2953,yodB,ECB_01889
2954,yoeD,ECB_01909
2955,yohC,ECB_02065
2956,yohD,ECB_02066
2957,yohF,ECB_02067
2958,yohJ,ECB_02070
2959,yohK,ECB_02071
2960,yojI,ECB_02138
2961,ypdC,ECB_02292
2962,ypdE,ECB_02294
2963,ypdF,ECB_02295
2964,ypdI,ECB_02286
2965,ypeA,ECB_02334
2966,ypeB,ECB_02310
2967,ypeC,ECB_02300
2968,ypfG,ECB_02357
2969,ypfH,ECB_02365
2970,ypfJ,ECB_02367
2971,yphA,ECB_02435
2972,yphB,ECB_02436
2973,yphC,ECB_02437
2974,yphD,ECB_02438
2975,yphE,ECB_02439
2976,yphF,ECB_02440
2977,yphG,ECB_02441
2978,yphH,ECB_02442
2979,ypjD,ECB_02500
2980,yqaA,ECB_02544
2981,yqaB,ECB_02545
2982,yqaE,ECB_02522
2983,yqcA,ECB_02635
2984,yqcC,ECB_02637
2985,yqcE,ECB_02619
2986,yqeA,ECB_02707
2987,yqeB,ECB_02708
2988,yqeC,ECB_02709
2989,yqeF,ECB_02692
2990,yqeG,ECB_02693
2991,yqeH,ECB_02694
2992,yqfA,ECB_02731
2993,yqfB,ECB_02732
2994,yqfE,ECB_02746
2995,yqgA,ECB_02796
2996,yqgB,ECB_02769
2997,yqgC,ECB_02770
2998,yqgD,ECB_02771
2999,yqgE,ECB_02778
3000,yqgF,ECB_02779
3001,yqhA,ECB_02877
3002,yqhC,ECB_02883
3003,yqhD,ECB_02884
3004,yqhG,ECB_02886
3005,yqhH,ECB_02887
3006,yqiA,ECB_02903
3007,yqiB,ECB_02905
3008,yqiG,ECB_02916
3009,yqiH,ECB_02917
3010,yqiI,ECB_02918
3011,yqiJ,ECB_02920
3012,yqiK,ECB_02921
3013,yqjA,ECB_02964
3014,yqjC,ECB_02966
3015,yqjD,ECB_02967
3016,yqjE,ECB_02968
3017,yqjF,ECB_02970
3018,yqjG,ECB_02971
3019,yqjK,ECB_02969
3020,yraH,ECB_03009
3021,yraI,ECB_03010
3022,yraJ,ECB_03011
3023,yraK,ECB_03012
3024,yraN,ECB_03015
3025,yraQ,ECB_03018
3026,yraR,ECB_03019
3027,yrbG,ECB_03061
3028,yrbL,ECB_03072
3029,yrdA,ECB_03130
3030,yrdB,ECB_03131
3031,yrdD,ECB_03134
3032,yrfG,ECB_03251
3033,yrhA,ECB_03294
3034,yrhB,ECB_03295
3035,ysgA,ECB_03717
3036,ytfA,ECB_04077
3037,ytfB,ECB_04078
3038,ytfE,ECB_04081
3039,ytfF,ECB_04082
3040,ytfH,ECB_04084
3041,ytfJ,ECB_04087
3042,ytfK,ECB_04088
3043,ytfP,ECB_04093
3044,ytfQ,ECB_04096
3045,ytfR,ECB_04097
3046,ytfT,ECB_04098
3047,ytjA,ECB_04252
3048,yzcX,ECB_03683
3049,yzfA,ECB_04094
3050,zipA,ECB_02312
3051,zntA,ECB_03318
3052,zntR,ECB_03143
3053,znuA,ECB_01828
3054,znuB,ECB_01830
3055,znuC,ECB_01829
3056,zraP,ECB_03879
3057,zraR,ECB_03881
3058,zraS,ECB_03880
3059,zur,ECB_03918
3060,zwf,ECB_01823
